specimen_code,genus,run1_machine,mask_px_run1,mask_px_run2,iou,changed_share,identical,flags_run1,flags_run2
casent0005965,Anochetus,vps,252565,252565,1.0,0.0,True,,
casent0005966,Anochetus,vps,171543,171543,1.0,0.0,True,,
casent0007734,Anochetus,vps,187746,187746,1.0,0.0,True,,
casent0033463,Anochetus,vps,171077,171077,1.0,0.0,True,,
casent0101574,Anochetus,vps,203126,203125,0.999995,2e-06,False,,
casent0101579,Anochetus,vps,230927,230927,1.0,0.0,True,,
casent0101587,Anochetus,vps,148898,148898,1.0,0.0,True,,
casent0101609,Anochetus,vps,137456,137456,1.0,0.0,True,,
casent0101651,Anochetus,vps,199462,199462,1.0,0.0,True,,
casent0101663,Anochetus,vps,194044,194043,0.999995,2e-06,False,,
casent0101674,Anochetus,vps,141429,141429,1.0,0.0,True,,
casent0101712,Anochetus,vps,95478,95478,1.0,0.0,True,,
casent0101729,Anochetus,vps,196049,196049,1.0,0.0,True,,
casent0101756,Anochetus,vps,159053,159053,1.0,0.0,True,,
casent0101819,Anochetus,vps,393606,393606,1.0,0.0,True,,
casent0101957,Anochetus,vps,265745,265745,1.0,0.0,True,,
casent0102931,Anochetus,vps,229618,229621,0.999987,4e-06,False,,
casent0102932,Anochetus,vps,188409,188409,1.0,0.0,True,,
casent0102933,Anochetus,vps,162537,162537,1.0,0.0,True,,
casent0104542,Anochetus,vps,228694,228694,1.0,0.0,True,,
casent0104543,Anochetus,vps,201055,201056,0.999995,1e-06,False,,
casent0104547,Anochetus,vps,245071,245070,0.999996,1e-06,False,,
casent0104548,Anochetus,vps,248324,248325,0.999996,1e-06,False,,
casent0104554,Anochetus,vps,154459,154459,1.0,0.0,True,,
casent0416368,Anochetus,vps,137699,137699,1.0,0.0,True,,
casent0447670,Anochetus,vps,215996,215996,1.0,0.0,True,,
casent0497580,Anochetus,vps,268274,268274,1.0,0.0,True,,
casent0498309,Anochetus,vps,229898,229898,1.0,0.0,True,,
casent0498593,Anochetus,vps,258370,258370,1.0,0.0,True,,
casent0001385,Aphaenogaster,vps,227529,227528,0.999996,1e-06,False,,
casent0017663,Aphaenogaster,vps,171368,171368,1.0,0.0,True,,
casent0101053,Aphaenogaster,vps,198997,198997,1.0,0.0,True,,
casent0101054,Aphaenogaster,vps,276743,276744,0.999996,2e-06,False,,
casent0101065,Aphaenogaster,vps,261734,261734,1.0,0.0,True,,
casent0101066,Aphaenogaster,vps,179171,179172,0.999994,1e-06,False,,
casent0101068,Aphaenogaster,vps,227201,227201,1.0,0.0,True,,
casent0101069,Aphaenogaster,vps,116722,116723,0.999991,1e-06,False,,
casent0101070,Aphaenogaster,vps,73443,73443,1.0,0.0,True,,
casent0101071,Aphaenogaster,vps,156930,156931,0.999994,1e-06,False,,
casent0101072,Aphaenogaster,vps,79634,79634,1.0,0.0,True,,
casent0101073,Aphaenogaster,vps,316934,316934,1.0,0.0,True,,
casent0101074,Aphaenogaster,vps,190001,190001,1.0,0.0,True,,
casent0101075,Aphaenogaster,vps,199961,199961,1.0,0.0,True,,
casent0101086,Aphaenogaster,vps,212579,212579,1.0,0.0,True,,
casent0101087,Aphaenogaster,vps,119305,119305,1.0,0.0,True,,
casent0101482,Aphaenogaster,vps,132774,132774,1.0,0.0,True,,
casent0101899,Aphaenogaster,vps,145995,145996,0.999993,1e-06,False,,
casent0102038,Aphaenogaster,vps,144064,144064,1.0,0.0,True,,
casent0102039,Aphaenogaster,vps,156367,156367,1.0,0.0,True,,
casent0102040,Aphaenogaster,vps,225905,225904,0.999996,1e-06,False,,
casent0107566,Aphaenogaster,vps,70903,70904,0.999986,1e-06,False,,
casent0178196,Aphaenogaster,vps,269125,269125,1.0,0.0,True,,
casent0421554,Aphaenogaster,vps,223854,223855,0.999996,1e-06,False,,
casent0489647,Aphaenogaster,vps,173430,173430,1.0,0.0,True,,
casent0498428,Aphaenogaster,vps,230631,230631,1.0,0.0,True,,
casent0822320,Aphaenogaster,vps,183790,183789,0.999984,3e-06,False,,
casent0027983,Bothroponera,vps,306323,306323,1.0,0.0,True,,
casent0029098,Bothroponera,vps,289544,289544,1.0,0.0,True,,
casent0031004,Bothroponera,vps,307851,307850,0.999997,1e-06,False,,
casent0031384,Bothroponera,vps,229332,229332,1.0,0.0,True,,
casent0034270,Bothroponera,vps,267858,267858,1.0,0.0,True,,
casent0034493,Bothroponera,vps,363080,363079,0.999997,1e-06,False,,
casent0034571,Bothroponera,vps,325755,325754,0.999997,1e-06,False,,
casent0076787,Bothroponera,vps,283812,283812,1.0,0.0,True,,
casent0101039,Bothroponera,vps,272955,272955,1.0,0.0,True,,
casent0101040,Bothroponera,vps,303384,303384,1.0,0.0,True,,
casent0101041,Bothroponera,vps,168155,168155,1.0,0.0,True,,
casent0101404,Bothroponera,vps,215196,215196,1.0,0.0,True,,
casent0101406,Bothroponera,vps,160907,160907,1.0,0.0,True,,
casent0101407,Bothroponera,vps,118904,118904,1.0,0.0,True,,
casent0101553,Bothroponera,vps,240009,240009,1.0,0.0,True,,
casent0101770,Bothroponera,vps,250211,250212,0.999996,1e-06,False,,
casent0102011,Bothroponera,vps,223041,223040,0.999996,1e-06,False,,
casent0102407,Bothroponera,vps,280220,280220,1.0,0.0,True,,
casent0102408,Bothroponera,vps,291732,291732,1.0,0.0,True,,
casent0102409,Bothroponera,vps,206862,206862,1.0,0.0,True,,
casent0102410,Bothroponera,vps,304723,304723,1.0,0.0,True,,
casent0102411,Bothroponera,vps,243062,243060,0.999992,3e-06,False,,
casent0410131,Bothroponera,vps,305317,305317,1.0,0.0,True,,
casent0410152,Bothroponera,vps,286896,286896,1.0,0.0,True,,
casent0410164,Bothroponera,vps,336789,336789,1.0,0.0,True,,
casent0451572,Bothroponera,vps,261067,261067,1.0,0.0,True,,
casent0495513,Bothroponera,vps,367256,367256,1.0,0.0,True,,
casent0101095,Camponotus,vps,215186,215186,1.0,0.0,True,,
casent0101096,Camponotus,vps,259630,259631,0.999996,2e-06,False,,
casent0101100,Camponotus,vps,230837,230839,0.999991,3e-06,False,,
casent0101101,Camponotus,vps,257115,257116,0.999996,1e-06,False,,
casent0101102,Camponotus,vps,301281,301280,0.999997,1e-06,False,,
casent0101103,Camponotus,vps,295036,295034,0.999993,2e-06,False,,
casent0101104,Camponotus,vps,341734,341738,0.999988,4e-06,False,,
casent0101105,Camponotus,vps,192072,192072,1.0,0.0,True,,
casent0101106,Camponotus,vps,245599,245600,0.999996,2e-06,False,,
casent0101107,Camponotus,vps,151132,151133,0.999993,2e-06,False,,
casent0101109,Camponotus,vps,349349,349349,0.999994,2e-06,False,,
casent0101110,Camponotus,vps,339016,339016,1.0,0.0,True,,
casent0101112,Camponotus,vps,188211,188211,1.0,0.0,True,,
casent0101113,Camponotus,vps,222667,222667,1.0,0.0,True,,
casent0101114,Camponotus,vps,195279,195279,1.0,0.0,True,,
casent0101115,Camponotus,vps,315315,315314,0.999997,1e-06,False,,
casent0101116,Camponotus,vps,213303,213303,1.0,0.0,True,,
casent0101117,Camponotus,vps,175084,175084,1.0,0.0,True,,
casent0101118,Camponotus,vps,161456,161456,1.0,0.0,True,,
casent0101119,Camponotus,vps,154340,154340,1.0,0.0,True,,
casent0101120,Camponotus,vps,473784,473784,0.999996,2e-06,False,,
casent0101121,Camponotus,vps,262889,262890,0.999996,1e-06,False,,
casent0101122,Camponotus,vps,251013,251012,0.999996,1e-06,False,,
casent0101123,Camponotus,vps,257337,257337,1.0,0.0,True,,
casent0101175,Camponotus,vps,173243,173246,0.999983,5e-06,False,,
casent0101176,Camponotus,vps,300447,300447,1.0,0.0,True,,
casent0101178,Camponotus,vps,190547,190547,1.0,0.0,True,,
casent0101179,Camponotus,vps,242974,242974,1.0,0.0,True,,
casent0101180,Camponotus,vps,216130,216129,0.999995,1e-06,False,,
casent0101181,Camponotus,vps,195179,195179,1.0,0.0,True,,
casent0101186,Camponotus,vps,339825,339824,0.999997,1e-06,False,,
casent0101193,Camponotus,vps,304602,304602,1.0,0.0,True,,
casent0101194,Camponotus,vps,263967,263967,1.0,0.0,True,,
casent0101195,Camponotus,vps,213061,213061,1.0,0.0,True,,
casent0101196,Camponotus,vps,262182,262182,1.0,0.0,True,,
casent0101197,Camponotus,vps,241707,241706,0.999996,1e-06,False,,
casent0101198,Camponotus,vps,295613,295613,1.0,0.0,True,,
casent0101202,Camponotus,vps,15536,15536,1.0,0.0,True,no_scalebar,no_scalebar
casent0101205,Camponotus,vps,214371,214371,1.0,0.0,True,,
casent0101206,Camponotus,vps,226116,226116,1.0,0.0,True,,
casent0101334,Camponotus,vps,297509,297509,1.0,0.0,True,,
casent0101335,Camponotus,vps,131903,131903,1.0,0.0,True,,
casent0101336,Camponotus,vps,212150,212150,1.0,0.0,True,,
casent0101337,Camponotus,vps,219198,219198,1.0,0.0,True,,
casent0101338,Camponotus,vps,209446,209445,0.999995,1e-06,False,,
casent0101339,Camponotus,vps,216933,216933,1.0,0.0,True,,
casent0101342,Camponotus,vps,226321,226321,1.0,0.0,True,,
casent0101343,Camponotus,vps,253335,253335,1.0,0.0,True,,
casent0101346,Camponotus,vps,227648,227648,1.0,0.0,True,,
casent0101347,Camponotus,vps,238995,238995,1.0,0.0,True,,
casent0101348,Camponotus,vps,281078,281078,1.0,0.0,True,,
casent0101349,Camponotus,vps,300832,300830,0.999993,3e-06,False,,
casent0101350,Camponotus,vps,229732,229732,1.0,0.0,True,,
casent0101351,Camponotus,vps,159872,159872,1.0,0.0,True,,
casent0101352,Camponotus,vps,285713,285715,0.999993,3e-06,False,,
casent0101353,Camponotus,vps,174641,174641,1.0,0.0,True,,
casent0101354,Camponotus,vps,254587,254587,0.999992,3e-06,False,,
casent0101356,Camponotus,vps,222142,222144,0.999991,3e-06,False,,
casent0101357,Camponotus,vps,275000,275001,0.999996,1e-06,False,,
casent0101358,Camponotus,vps,221658,221658,1.0,0.0,True,,
casent0101359,Camponotus,vps,198339,198339,1.0,0.0,True,,
casent0101360,Camponotus,vps,288110,288110,1.0,0.0,True,,
casent0101362,Camponotus,vps,331714,331714,0.999994,3e-06,False,,
casent0101363,Camponotus,vps,395488,395487,0.999997,1e-06,False,,
casent0101364,Camponotus,vps,359706,359706,1.0,0.0,True,,
casent0101365,Camponotus,vps,222210,222210,1.0,0.0,True,,
casent0101366,Camponotus,vps,177724,177723,0.999994,1e-06,False,,
casent0101367,Camponotus,vps,239245,239245,1.0,0.0,True,,
casent0101368,Camponotus,vps,267474,267475,0.999996,1e-06,False,,
casent0101369,Camponotus,vps,285231,285231,1.0,0.0,True,,
casent0101370,Camponotus,vps,330881,330881,1.0,0.0,True,,
casent0101373,Camponotus,vps,325893,325893,1.0,0.0,True,,
casent0101374,Camponotus,vps,341490,341489,0.999997,1e-06,False,,
casent0101375,Camponotus,vps,371213,371213,1.0,0.0,True,,
casent0101376,Camponotus,vps,284948,284948,1.0,0.0,True,,
casent0101377,Camponotus,vps,172676,172676,1.0,0.0,True,,
casent0101378,Camponotus,vps,245703,245703,1.0,0.0,True,,
casent0101379,Camponotus,vps,304850,304850,1.0,0.0,True,,
casent0101380,Camponotus,vps,212472,212472,1.0,0.0,True,,
casent0101381,Camponotus,vps,308577,308577,1.0,0.0,True,,
casent0101382,Camponotus,vps,342780,342780,1.0,0.0,True,,
casent0101383,Camponotus,vps,216109,216109,1.0,0.0,True,,
casent0101384,Camponotus,vps,168803,168803,1.0,0.0,True,,
casent0101386,Camponotus,vps,304572,304572,1.0,0.0,True,,
casent0101388,Camponotus,vps,239905,239904,0.999996,1e-06,False,,
casent0101389,Camponotus,vps,268699,268700,0.999996,1e-06,False,,
casent0101390,Camponotus,vps,306029,306029,0.999993,3e-06,False,,
casent0101391,Camponotus,vps,309501,309502,0.999997,2e-06,False,,
casent0101392,Camponotus,vps,269164,269163,0.999996,1e-06,False,,
casent0101393,Camponotus,vps,369770,369770,1.0,0.0,True,,
casent0101413,Camponotus,vps,192476,192476,1.0,0.0,True,,
casent0101421,Camponotus,vps,282188,282187,0.999996,1e-06,False,,
casent0101423,Camponotus,vps,242267,242267,1.0,0.0,True,,
casent0101424,Camponotus,vps,344663,344663,1.0,0.0,True,,
casent0101425,Camponotus,vps,371286,371286,1.0,0.0,True,,
casent0101426,Camponotus,vps,346856,346853,0.999991,3e-06,False,,
casent0101427,Camponotus,vps,441623,441622,0.999998,1e-06,False,,
casent0101429,Camponotus,vps,371761,371761,1.0,0.0,True,,
casent0101430,Camponotus,vps,258123,258123,1.0,0.0,True,,
casent0101431,Camponotus,vps,341050,341049,0.999991,4e-06,False,,
casent0101432,Camponotus,vps,246731,246731,1.0,0.0,True,,
casent0101435,Camponotus,vps,221125,221125,1.0,0.0,True,,
casent0101436,Camponotus,vps,233324,233324,1.0,0.0,True,,
casent0101437,Camponotus,vps,300431,300431,1.0,0.0,True,,
casent0101438,Camponotus,vps,174095,174096,0.999983,4e-06,False,,
casent0101439,Camponotus,vps,188256,188256,1.0,0.0,True,,
casent0101440,Camponotus,vps,241555,241555,1.0,0.0,True,,
casent0101441,Camponotus,vps,201148,201148,1.0,0.0,True,,
casent0101477,Camponotus,vps,296258,296258,1.0,0.0,True,,
casent0101478,Camponotus,vps,254559,254559,1.0,0.0,True,,
casent0101481,Camponotus,vps,253995,253996,0.999996,1e-06,False,,
casent0101492,Camponotus,vps,212050,212049,0.999995,2e-06,False,,
casent0101494,Camponotus,vps,235870,235870,1.0,0.0,True,,
casent0101511,Camponotus,vps,186129,186129,0.999989,3e-06,False,,
casent0101512,Camponotus,vps,325210,325212,0.999994,3e-06,False,,
casent0101513,Camponotus,vps,240610,240611,0.999996,1e-06,False,,
casent0101514,Camponotus,vps,248692,248691,0.999996,2e-06,False,,
casent0101516,Camponotus,vps,387661,387661,1.0,0.0,True,,
casent0101517,Camponotus,vps,236897,236897,1.0,0.0,True,,
casent0101518,Camponotus,vps,181988,181988,1.0,0.0,True,,
casent0101519,Camponotus,vps,220811,220811,1.0,0.0,True,,
casent0101520,Camponotus,vps,253185,253185,1.0,0.0,True,,
casent0101521,Camponotus,vps,184189,184189,1.0,0.0,True,,
casent0101524,Camponotus,vps,335133,335131,0.999994,2e-06,False,,
casent0101525,Camponotus,vps,250766,250766,1.0,0.0,True,,
casent0101526,Camponotus,vps,151714,151714,1.0,0.0,True,,
casent0101527,Camponotus,vps,144974,144974,1.0,0.0,True,,
casent0101528,Camponotus,vps,218956,218956,1.0,0.0,True,,
casent0101531,Camponotus,vps,207829,207829,1.0,0.0,True,,
casent0101532,Camponotus,vps,180862,180862,1.0,0.0,True,,
casent0101533,Camponotus,vps,201347,201347,1.0,0.0,True,,
casent0101534,Camponotus,vps,253920,253920,1.0,0.0,True,,
casent0101535,Camponotus,vps,197092,197091,0.999995,1e-06,False,,
casent0101538,Camponotus,vps,178948,178949,0.999994,1e-06,False,,
casent0101539,Camponotus,vps,175138,175136,0.999989,3e-06,False,,
casent0101540,Camponotus,vps,423541,423541,1.0,0.0,True,,
casent0101542,Camponotus,vps,228258,228258,1.0,0.0,True,,
casent0101543,Camponotus,vps,241684,241684,1.0,0.0,True,,
casent0101544,Camponotus,vps,261787,261787,1.0,0.0,True,,
casent0101545,Camponotus,vps,194128,194128,1.0,0.0,True,,
casent0101551,Camponotus,vps,190250,190250,1.0,0.0,True,,
casent0101552,Camponotus,vps,163039,163039,1.0,0.0,True,,
casent0101602,Camponotus,vps,426006,426008,0.999995,2e-06,False,,
casent0101644,Camponotus,vps,179970,179970,1.0,0.0,True,,
casent0101669,Camponotus,vps,124372,124372,1.0,0.0,True,,
casent0101704,Camponotus,vps,259248,259249,0.999996,1e-06,False,,
casent0101747,Camponotus,vps,273696,273696,1.0,0.0,True,,
casent0101777,Camponotus,vps,210989,210989,1.0,0.0,True,,
casent0101779,Camponotus,vps,155181,155179,0.999987,3e-06,False,,
casent0101788,Camponotus,vps,223348,223348,1.0,0.0,True,,
casent0101812,Camponotus,vps,212532,212532,1.0,0.0,True,,
casent0101828,Camponotus,vps,242831,242831,1.0,0.0,True,,
casent0101850,Camponotus,vps,198201,198201,1.0,0.0,True,,
casent0101851,Camponotus,vps,465278,465278,1.0,0.0,True,,
casent0101854,Camponotus,vps,226232,226231,0.999996,1e-06,False,,
casent0101867,Camponotus,vps,270759,270759,1.0,0.0,True,,
casent0101893,Camponotus,vps,254661,254661,1.0,0.0,True,,
casent0101906,Camponotus,vps,190186,190185,0.999995,1e-06,False,,
casent0101908,Camponotus,vps,376638,376640,0.999995,2e-06,False,no_scalebar,no_scalebar
casent0101919,Camponotus,vps,183151,183151,1.0,0.0,True,,
casent0101924,Camponotus,vps,217611,217611,1.0,0.0,True,,
casent0101931,Camponotus,vps,254503,254503,1.0,0.0,True,,
casent0101954,Camponotus,vps,149802,149802,1.0,0.0,True,,
casent0101992,Camponotus,vps,168733,168733,1.0,0.0,True,,
casent0102092,Camponotus,vps,177110,177109,0.999994,2e-06,False,,
casent0102096,Camponotus,vps,197182,197182,1.0,0.0,True,,
casent0102097,Camponotus,vps,193529,193528,0.999995,1e-06,False,,
casent0102098,Camponotus,vps,151564,151564,1.0,0.0,True,,
casent0102099,Camponotus,vps,175507,175507,1.0,0.0,True,,
casent0102103,Camponotus,vps,266337,266337,1.0,0.0,True,,
casent0102104,Camponotus,vps,383881,383881,1.0,0.0,True,,
casent0102106,Camponotus,vps,205700,205700,1.0,0.0,True,,
casent0102107,Camponotus,vps,287516,287516,1.0,0.0,True,,
casent0102109,Camponotus,vps,315957,315957,1.0,0.0,True,,
casent0102110,Camponotus,vps,310840,310840,1.0,0.0,True,,
casent0102111,Camponotus,vps,254555,254555,1.0,0.0,True,,
casent0102309,Camponotus,vps,97175,97175,1.0,0.0,True,,
casent0102310,Camponotus,vps,275634,275634,1.0,0.0,True,,
casent0102311,Camponotus,vps,284668,284670,0.999993,3e-06,False,,
casent0102415,Camponotus,vps,209117,209116,0.999995,1e-06,False,,
casent0102416,Camponotus,vps,212902,212901,0.999995,1e-06,False,,
casent0102417,Camponotus,vps,215923,215923,1.0,0.0,True,,
casent0102418,Camponotus,vps,311224,311224,1.0,0.0,True,,
casent0102419,Camponotus,vps,273348,273348,1.0,0.0,True,,
casent0102420,Camponotus,vps,277598,277598,1.0,0.0,True,,
casent0102421,Camponotus,vps,213889,213889,1.0,0.0,True,,
casent0102422,Camponotus,vps,297544,297544,1.0,0.0,True,,
casent0102423,Camponotus,vps,230254,230255,0.999996,1e-06,False,,
casent0102426,Camponotus,vps,144715,144715,1.0,0.0,True,,
casent0102427,Camponotus,vps,351003,351003,1.0,0.0,True,,
casent0102433,Camponotus,vps,296143,296143,1.0,0.0,True,,
casent0102434,Camponotus,vps,220518,220518,1.0,0.0,True,,
casent0102435,Camponotus,vps,244723,244722,0.999996,2e-06,False,,
casent0102436,Camponotus,vps,283644,283644,1.0,0.0,True,,
casent0102437,Camponotus,vps,246545,246546,0.999996,1e-06,False,,
casent0102438,Camponotus,vps,170928,170928,1.0,0.0,True,,
casent0102439,Camponotus,vps,190499,190499,1.0,0.0,True,,
casent0102440,Camponotus,vps,255319,255319,1.0,0.0,True,,
casent0102441,Camponotus,vps,337710,337711,0.999997,1e-06,False,,
casent0102442,Camponotus,vps,198244,198244,0.99999,3e-06,False,,
casent0102443,Camponotus,vps,209107,209107,1.0,0.0,True,,
casent0102452,Camponotus,vps,217697,217697,1.0,0.0,True,,
casent0104621,Camponotus,vps,342468,342467,0.999997,1e-06,False,,
casent0104622,Camponotus,vps,299524,299523,0.999997,1e-06,False,,
casent0104623,Camponotus,vps,187566,187566,1.0,0.0,True,,
casent0104626,Camponotus,vps,264380,264380,1.0,0.0,True,,
casent0104627,Camponotus,vps,305020,305020,1.0,0.0,True,,
casent0104628,Camponotus,vps,312586,312586,1.0,0.0,True,,
casent0104629,Camponotus,vps,340863,340864,0.999997,1e-06,False,,
casent0104632,Camponotus,vps,329769,329769,1.0,0.0,True,,
casent0104633,Camponotus,vps,435798,435798,1.0,0.0,True,,
casent0104634,Camponotus,vps,298131,298130,0.999997,1e-06,False,,
casent0104638,Camponotus,vps,387731,387730,0.999997,1e-06,False,,
casent0104639,Camponotus,vps,292204,292205,0.99999,3e-06,False,,
casent0104640,Camponotus,vps,252923,252922,0.999996,1e-06,False,,
casent0104641,Camponotus,vps,345884,345882,0.999994,2e-06,False,frame_filling,frame_filling
casent0104647,Camponotus,vps,273653,273653,1.0,0.0,True,,
casent0121525,Camponotus,vps,787756,787756,1.0,0.0,True,no_scalebar,no_scalebar
casent0145284,Camponotus,vps,200344,200344,1.0,0.0,True,,
casent0150215,Camponotus,vps,376965,376965,1.0,0.0,True,,
casent0179448,Camponotus,vps,354321,354321,1.0,0.0,True,,
casent0192117,Camponotus,vps,7625,7625,0.999738,2e-06,False,no_scalebar,no_scalebar
casent0195294,Camponotus,vps,265375,265377,0.999985,4e-06,False,no_scalebar,no_scalebar
casent0209055,Camponotus,vps,271540,271540,1.0,0.0,True,,
casent0300018,Camponotus,vps,383899,383899,1.0,0.0,True,,
casent0408976,Camponotus,vps,330027,330028,0.999997,1e-06,False,,
casent0487725,Camponotus,vps,318634,318633,0.999997,1e-06,False,,
casent0492888,Camponotus,vps,372887,372890,0.999992,3e-06,False,,
casent0498916,Camponotus,vps,280621,280623,0.999993,2e-06,False,,
casent0499051,Camponotus,vps,239188,239188,1.0,0.0,True,,
casent0905276,Camponotus,vps,602710,602711,0.999998,1e-06,False,no_scalebar,no_scalebar
casent0905277,Camponotus,vps,441181,441181,1.0,0.0,True,,
focol2361,Camponotus,vps,420306,420306,1.0,0.0,True,no_scalebar,no_scalebar
focol2362,Camponotus,vps,402422,402421,0.999998,1e-06,False,,
focol2363,Camponotus,vps,288513,288513,0.999993,2e-06,False,,
focol2364,Camponotus,vps,425178,425180,0.999995,2e-06,False,,
focol2384,Camponotus,vps,363620,363620,1.0,0.0,True,no_scalebar,no_scalebar
focol2385,Camponotus,vps,273941,273941,1.0,0.0,True,,
casent0005964,Cardiocondyla,vps,244540,244538,0.999992,3e-06,False,,
casent0101128,Cardiocondyla,vps,279648,279648,1.0,0.0,True,,
casent0101129,Cardiocondyla,vps,229854,229858,0.999939,2.2e-05,False,,
casent0101208,Cardiocondyla,vps,190764,190764,1.0,0.0,True,,
casent0101209,Cardiocondyla,vps,230825,230826,0.999996,2e-06,False,,
casent0101218,Cardiocondyla,vps,293105,293102,0.99999,4e-06,False,,
casent0101219,Cardiocondyla,vps,259001,259001,1.0,0.0,True,,
casent0101461,Cardiocondyla,vps,238469,238468,0.999996,1e-06,False,,
casent0101678,Cardiocondyla,vps,173329,173329,1.0,0.0,True,,
casent0101859,Cardiocondyla,vps,307386,307386,1.0,0.0,True,,
casent0101860,Cardiocondyla,vps,124373,124373,1.0,0.0,True,,
casent0101891,Cardiocondyla,vps,201171,201171,1.0,0.0,True,,
casent0812061,Cardiocondyla,vps,297243,297243,1.0,0.0,True,,
casent0011075,Cataulacus,vps,195679,195678,0.999995,1e-06,False,,
casent0066732,Cataulacus,vps,238295,238295,1.0,0.0,True,,
casent0101240,Cataulacus,vps,165964,165964,1.0,0.0,True,,
casent0101241,Cataulacus,vps,161961,161961,1.0,0.0,True,,
casent0101245,Cataulacus,vps,188907,188905,0.999989,5e-06,False,,
casent0101246,Cataulacus,vps,249203,249203,1.0,0.0,True,,
casent0101247,Cataulacus,vps,337740,337740,1.0,0.0,True,,
casent0101248,Cataulacus,vps,225791,225790,0.999996,1e-06,False,,
casent0101559,Cataulacus,vps,181306,181306,1.0,0.0,True,,
casent0101583,Cataulacus,vps,253970,253970,1.0,0.0,True,,
casent0101608,Cataulacus,vps,233593,233593,1.0,0.0,True,,
casent0101772,Cataulacus,vps,273233,273233,1.0,0.0,True,,
casent0101987,Cataulacus,vps,240921,240921,1.0,0.0,True,,
casent0101998,Cataulacus,vps,230029,230030,0.999996,1e-06,False,,
casent0102068,Cataulacus,vps,159117,159117,1.0,0.0,True,,
casent0102069,Cataulacus,vps,220225,220225,1.0,0.0,True,,
casent0102984,Cataulacus,vps,248193,248193,1.0,0.0,True,,
casent0136347,Cataulacus,vps,277898,277898,1.0,0.0,True,,
casent0178903,Cataulacus,vps,265000,265000,1.0,0.0,True,,
casent0274827,Cataulacus,vps,12904,12904,0.999845,2e-06,False,no_scalebar,no_scalebar
casent0435894,Cataulacus,vps,249275,249275,1.0,0.0,True,,
casent0435903,Cataulacus,vps,264304,264304,1.0,0.0,True,,
casent0487553,Cataulacus,vps,290807,290807,1.0,0.0,True,,
casent0487769,Cataulacus,vps,241553,241552,0.999996,1e-06,False,,
casent0487770,Cataulacus,vps,316763,316763,1.0,0.0,True,,
casent0491274,Cataulacus,vps,222009,222009,1.0,0.0,True,,
casent0491318,Cataulacus,vps,238225,238225,1.0,0.0,True,,
casent0498558,Cataulacus,vps,375485,375485,1.0,0.0,True,,
casent0498567,Cataulacus,vps,299612,299611,0.999997,1e-06,False,,
casent0054136,Crematogaster,vps,575093,575093,1.0,0.0,True,no_scalebar,no_scalebar
casent0068950,Crematogaster,vps,243702,243702,1.0,0.0,True,,
casent0101160,Crematogaster,vps,195271,195271,1.0,0.0,True,,
casent0101161,Crematogaster,vps,217923,217922,0.999995,2e-06,False,,
casent0101162,Crematogaster,vps,167738,167738,1.0,0.0,True,,
casent0101163,Crematogaster,vps,255484,255487,0.999988,4e-06,False,,
casent0101164,Crematogaster,vps,264045,264045,1.0,0.0,True,,
casent0101165,Crematogaster,vps,231056,231054,0.999991,3e-06,False,,
casent0101166,Crematogaster,vps,227857,227861,0.999982,6e-06,False,,
casent0101167,Crematogaster,vps,295264,295264,1.0,0.0,True,,
casent0101168,Crematogaster,vps,150367,150367,1.0,0.0,True,,
casent0101169,Crematogaster,vps,248141,248141,1.0,0.0,True,,
casent0101171,Crematogaster,vps,189785,189785,1.0,0.0,True,,
casent0101172,Crematogaster,vps,272049,272048,0.999996,2e-06,False,,
casent0101173,Crematogaster,vps,175015,175015,1.0,0.0,True,,
casent0101174,Crematogaster,vps,199245,199244,0.999995,2e-06,False,,
casent0101409,Crematogaster,vps,264015,264016,0.999996,1e-06,False,,
casent0101410,Crematogaster,vps,154847,154846,0.999981,7e-06,False,,
casent0101475,Crematogaster,vps,184001,184001,1.0,0.0,True,,
casent0101557,Crematogaster,vps,352145,352145,1.0,0.0,True,,
casent0101558,Crematogaster,vps,181690,181690,1.0,0.0,True,,
casent0101562,Crematogaster,vps,215971,215971,1.0,0.0,True,,
casent0101572,Crematogaster,vps,167822,167822,1.0,0.0,True,,
casent0101585,Crematogaster,vps,210581,210581,1.0,0.0,True,,
casent0101597,Crematogaster,vps,172292,172292,1.0,0.0,True,,
casent0101599,Crematogaster,vps,191000,191000,1.0,0.0,True,,
casent0101613,Crematogaster,vps,149148,149148,1.0,0.0,True,,
casent0101631,Crematogaster,vps,220227,220227,1.0,0.0,True,,
casent0101632,Crematogaster,vps,219661,219661,1.0,0.0,True,,
casent0101639,Crematogaster,vps,278734,278733,0.999996,1e-06,False,,
casent0101655,Crematogaster,vps,185827,185826,0.999995,2e-06,False,,
casent0101659,Crematogaster,vps,323325,323325,1.0,0.0,True,,
casent0101683,Crematogaster,vps,178679,178680,0.999994,2e-06,False,,
casent0101690,Crematogaster,vps,179123,179123,1.0,0.0,True,,
casent0101731,Crematogaster,vps,128301,128301,1.0,0.0,True,,
casent0101735,Crematogaster,vps,313934,313934,1.0,0.0,True,,
casent0101742,Crematogaster,vps,192031,192029,0.99999,3e-06,False,,
casent0101748,Crematogaster,vps,353642,353642,1.0,0.0,True,,
casent0101750,Crematogaster,vps,262748,262748,1.0,0.0,True,,
casent0101761,Crematogaster,vps,211129,211129,1.0,0.0,True,,
casent0101762,Crematogaster,vps,253630,253630,1.0,0.0,True,,
casent0101769,Crematogaster,vps,280801,280801,1.0,0.0,True,,
casent0101771,Crematogaster,vps,377116,377116,1.0,0.0,True,,
casent0101773,Crematogaster,vps,217857,217857,1.0,0.0,True,,
casent0101786,Crematogaster,vps,243784,243784,1.0,0.0,True,,
casent0101790,Crematogaster,vps,185818,185818,1.0,0.0,True,,
casent0101802,Crematogaster,vps,225034,225034,1.0,0.0,True,,
casent0101804,Crematogaster,vps,218328,218328,1.0,0.0,True,,
casent0101824,Crematogaster,vps,247960,247960,1.0,0.0,True,,
casent0101830,Crematogaster,vps,180172,180171,0.999994,2e-06,False,,
casent0101836,Crematogaster,vps,139065,139065,1.0,0.0,True,,
casent0101840,Crematogaster,vps,258286,258286,1.0,0.0,True,,
casent0101845,Crematogaster,vps,286466,286465,0.999997,1e-06,False,,
casent0101847,Crematogaster,vps,152070,152070,1.0,0.0,True,,
casent0101861,Crematogaster,vps,173020,173020,1.0,0.0,True,,
casent0101866,Crematogaster,vps,147478,147478,0.999986,4e-06,False,,
casent0101877,Crematogaster,vps,203263,203263,1.0,0.0,True,,
casent0101878,Crematogaster,vps,241572,241573,0.999996,1e-06,False,,
casent0102053,Crematogaster,vps,143307,143307,1.0,0.0,True,,
casent0102054,Crematogaster,vps,144205,144205,1.0,0.0,True,,
casent0102055,Crematogaster,vps,220750,220749,0.999995,1e-06,False,,
casent0102938,Crematogaster,vps,464168,464168,1.0,0.0,True,,
casent0102939,Crematogaster,vps,200175,200174,0.999995,2e-06,False,,
casent0102941,Crematogaster,vps,208646,208646,1.0,0.0,True,,
casent0102955,Crematogaster,vps,219722,219720,0.999991,3e-06,False,,
casent0102956,Crematogaster,vps,225912,225912,1.0,0.0,True,,
casent0102957,Crematogaster,vps,221994,221994,1.0,0.0,True,,
casent0102970,Crematogaster,vps,207478,207478,1.0,0.0,True,,
casent0104587,Crematogaster,vps,243801,243801,1.0,0.0,True,,
casent0104593,Crematogaster,vps,186430,186430,0.999989,3e-06,False,,
casent0121078,Crematogaster,vps,281398,281397,0.999996,1e-06,False,,
casent0140925,Crematogaster,vps,283371,283371,1.0,0.0,True,,
casent0172819,Crematogaster,vps,249778,249778,1.0,0.0,True,,
casent0172822,Crematogaster,vps,201080,201081,0.999995,1e-06,False,,
casent0173211,Crematogaster,vps,171387,171385,0.999988,3e-06,False,,
casent0193045,Crematogaster,vps,622112,622111,0.999998,1e-06,False,,
casent0317758,Crematogaster,vps,372829,372829,0.999995,2e-06,False,no_scalebar,no_scalebar
casent0317759,Crematogaster,vps,392449,392448,0.999992,3e-06,False,no_scalebar,no_scalebar
casent0423124,Crematogaster,vps,174305,174305,1.0,0.0,True,,
casent0492837,Crematogaster,vps,393584,393584,1.0,0.0,True,,
casent0498885,Crematogaster,vps,208630,208629,0.999995,1e-06,False,,
casent0919664,Crematogaster,vps,324870,324871,0.999997,1e-06,False,no_scalebar,no_scalebar
casent0101012,Hypoponera,vps,366333,366333,1.0,0.0,True,no_scalebar,no_scalebar
casent0101013,Hypoponera,vps,389275,389274,0.999997,1e-06,False,,
casent0101016,Hypoponera,vps,379132,379132,1.0,0.0,True,,
casent0101017,Hypoponera,vps,381881,381881,1.0,0.0,True,,
casent0101018,Hypoponera,vps,418459,418460,0.999998,1e-06,False,no_scalebar,no_scalebar
casent0101019,Hypoponera,vps,514258,514258,1.0,0.0,True,,
casent0101020,Hypoponera,vps,148559,148559,1.0,0.0,True,,
casent0101021,Hypoponera,vps,220222,220221,0.999995,2e-06,False,,
casent0101022,Hypoponera,vps,197694,197694,1.0,0.0,True,,
casent0101023,Hypoponera,vps,235442,235442,1.0,0.0,True,,
casent0101024,Hypoponera,vps,212483,212482,0.999995,2e-06,False,,
casent0101025,Hypoponera,vps,297417,297417,1.0,0.0,True,,
casent0101148,Hypoponera,vps,195781,195782,0.999995,1e-06,False,,
casent0101156,Hypoponera,vps,213880,213880,1.0,0.0,True,,
casent0101157,Hypoponera,vps,224992,224992,1.0,0.0,True,,
casent0101405,Hypoponera,vps,217758,217758,1.0,0.0,True,,
casent0101787,Hypoponera,vps,459603,459602,0.999998,1e-06,False,,
casent0101792,Hypoponera,vps,475600,475600,1.0,0.0,True,,
casent0101955,Hypoponera,vps,343013,343009,0.999988,6e-06,False,,
casent0101958,Hypoponera,vps,367592,367592,1.0,0.0,True,,
casent0102139,Hypoponera,vps,364281,364281,1.0,0.0,True,,
casent0102275,Hypoponera,vps,261629,261629,1.0,0.0,True,,
casent0494141,Hypoponera,vps,307321,307322,0.999997,1e-06,False,,
casent0003814,Leptogenys,vps,267637,267638,0.999996,1e-06,False,,
casent0076558,Leptogenys,vps,199606,199606,1.0,0.0,True,,
casent0077457,Leptogenys,vps,164187,164187,1.0,0.0,True,,
casent0101130,Leptogenys,vps,175018,175018,1.0,0.0,True,,
casent0101131,Leptogenys,vps,155929,155929,1.0,0.0,True,,
casent0101132,Leptogenys,vps,211459,211459,1.0,0.0,True,,
casent0101133,Leptogenys,vps,177269,177270,0.999994,2e-06,False,,
casent0101398,Leptogenys,vps,127616,127617,0.999992,2e-06,False,,
casent0101589,Leptogenys,vps,183036,183036,1.0,0.0,True,,
casent0101626,Leptogenys,vps,118627,118627,1.0,0.0,True,,
casent0101714,Leptogenys,vps,191071,191072,0.999995,2e-06,False,,
casent0101723,Leptogenys,vps,186432,186432,1.0,0.0,True,,
casent0101727,Leptogenys,vps,452032,452033,0.999998,1e-06,False,,
casent0101795,Leptogenys,vps,139387,139387,1.0,0.0,True,,
casent0101798,Leptogenys,vps,141467,141467,1.0,0.0,True,,
casent0101805,Leptogenys,vps,265059,265058,0.999996,2e-06,False,,
casent0101825,Leptogenys,vps,177953,177953,1.0,0.0,True,,
casent0101834,Leptogenys,vps,230977,230977,1.0,0.0,True,,
casent0101837,Leptogenys,vps,206583,206583,1.0,0.0,True,,
casent0101884,Leptogenys,vps,167649,167649,1.0,0.0,True,,
casent0101888,Leptogenys,vps,215862,215862,1.0,0.0,True,,
casent0101914,Leptogenys,vps,166552,166552,1.0,0.0,True,,
casent0101940,Leptogenys,vps,164740,164740,1.0,0.0,True,,
casent0101947,Leptogenys,vps,166557,166557,1.0,0.0,True,,
casent0101972,Leptogenys,vps,152602,152604,0.999987,5e-06,False,,
casent0101975,Leptogenys,vps,136391,136392,0.999993,2e-06,False,,
casent0101989,Leptogenys,vps,180812,180812,1.0,0.0,True,,
casent0102014,Leptogenys,vps,145362,145362,1.0,0.0,True,,
casent0102015,Leptogenys,vps,220957,220957,1.0,0.0,True,,
casent0102016,Leptogenys,vps,129224,129224,1.0,0.0,True,,
casent0102017,Leptogenys,vps,158304,158303,0.999981,4e-06,False,,
casent0102025,Leptogenys,vps,176790,176790,1.0,0.0,True,,
casent0102026,Leptogenys,mac,156508,156508,1.0,0.0,True,,
casent0102027,Leptogenys,mac,282771,282771,1.0,0.0,True,,
casent0102412,Leptogenys,mac,218541,218541,1.0,0.0,True,,
casent0102413,Leptogenys,mac,179278,179278,1.0,0.0,True,,
casent0102414,Leptogenys,mac,108716,108716,1.0,0.0,True,,
casent0104564,Leptogenys,mac,342380,342380,1.0,0.0,True,,
casent0101711,Lioponera,mac,228941,228941,1.0,0.0,True,,
casent0101733,Lioponera,mac,248809,248809,1.0,0.0,True,,
casent0101827,Lioponera,mac,193224,193224,1.0,0.0,True,,
casent0101831,Lioponera,mac,206716,206716,1.0,0.0,True,,
casent0101841,Lioponera,mac,278714,278714,1.0,0.0,True,,
casent0101916,Lioponera,mac,308508,308508,1.0,0.0,True,,
casent0101969,Lioponera,mac,313846,313846,1.0,0.0,True,,
casent0101980,Lioponera,mac,304778,304778,1.0,0.0,True,,
casent0101985,Lioponera,mac,410550,410550,1.0,0.0,True,,
casent0102164,Lioponera,mac,293252,293252,1.0,0.0,True,,
casent0102165,Lioponera,mac,225514,225514,1.0,0.0,True,,
casent0104582,Lioponera,mac,129649,129649,1.0,0.0,True,,
casent0104583,Lioponera,mac,120999,120999,1.0,0.0,True,,
casent0173078,Lioponera,mac,269157,269157,1.0,0.0,True,,
casent0101230,Meranoplus,mac,258174,258174,1.0,0.0,True,,
casent0101231,Meranoplus,mac,195402,195402,1.0,0.0,True,,
casent0101236,Meranoplus,mac,358354,358354,1.0,0.0,True,,
casent0101237,Meranoplus,mac,175968,175968,1.0,0.0,True,,
casent0101238,Meranoplus,mac,233426,233426,1.0,0.0,True,,
casent0101239,Meranoplus,mac,285458,285458,1.0,0.0,True,,
casent0101634,Meranoplus,mac,368583,368583,1.0,0.0,True,,
casent0101641,Meranoplus,mac,291750,291750,1.0,0.0,True,,
casent0102066,Meranoplus,mac,358026,358026,1.0,0.0,True,,
casent0102067,Meranoplus,mac,286773,286773,1.0,0.0,True,,
casent0104611,Meranoplus,mac,262522,262522,1.0,0.0,True,,
casent0430421,Meranoplus,mac,306924,306924,1.0,0.0,True,,
casent0486683,Meranoplus,mac,36745,36745,1.0,0.0,True,no_scalebar,no_scalebar
casent0486686,Meranoplus,mac,407903,407903,1.0,0.0,True,,
casent0003327,Monomorium,mac,248833,248833,1.0,0.0,True,,
casent0003992,Monomorium,mac,189653,189653,1.0,0.0,True,,
casent0010765,Monomorium,mac,400879,400879,1.0,0.0,True,,
casent0016361,Monomorium,mac,208437,208437,1.0,0.0,True,,
casent0020200,Monomorium,mac,278753,278753,1.0,0.0,True,,
casent0020507,Monomorium,mac,359153,359153,1.0,0.0,True,,
casent0025716,Monomorium,mac,252539,252539,1.0,0.0,True,,
casent0041614,Monomorium,mac,239698,239698,1.0,0.0,True,,
casent0044969,Monomorium,mac,189006,189006,1.0,0.0,True,,
casent0045443,Monomorium,mac,244965,244965,1.0,0.0,True,,
casent0052480,Monomorium,mac,174816,174816,1.0,0.0,True,,
casent0053986,Monomorium,mac,295915,295915,1.0,0.0,True,,
casent0068113,Monomorium,mac,212077,212077,1.0,0.0,True,,
casent0076204,Monomorium,mac,147513,147513,1.0,0.0,True,,
casent0078587,Monomorium,mac,193233,193233,1.0,0.0,True,,
casent0079066,Monomorium,mac,238224,238224,1.0,0.0,True,,
casent0101472,Monomorium,mac,181726,181726,1.0,0.0,True,,
casent0101473,Monomorium,mac,114571,114571,1.0,0.0,True,,
casent0101474,Monomorium,mac,190236,190236,1.0,0.0,True,,
casent0148842,Monomorium,mac,293127,293127,1.0,0.0,True,,
casent0173547,Monomorium,mac,162919,162919,1.0,0.0,True,,
casent0173584,Monomorium,mac,195182,195182,1.0,0.0,True,,
casent0173589,Monomorium,mac,196761,196761,1.0,0.0,True,,
casent0173593,Monomorium,mac,188758,188758,1.0,0.0,True,,
casent0173599,Monomorium,mac,197163,197163,1.0,0.0,True,,
casent0401520,Monomorium,mac,186142,186142,1.0,0.0,True,,
casent0412167,Monomorium,mac,195021,195021,1.0,0.0,True,,
casent0433301,Monomorium,mac,205915,205915,1.0,0.0,True,,
casent0442208,Monomorium,mac,188782,188782,1.0,0.0,True,,
casent0442524,Monomorium,mac,251854,251854,1.0,0.0,True,,
casent0470383,Monomorium,mac,187301,187301,1.0,0.0,True,,
casent0470747,Monomorium,mac,200019,200019,1.0,0.0,True,,
casent0475908,Monomorium,mac,152923,152923,1.0,0.0,True,,
casent0481865,Monomorium,mac,315867,315867,1.0,0.0,True,,
casent0481867,Monomorium,mac,220174,220174,1.0,0.0,True,,
casent0481871,Monomorium,mac,199439,199439,1.0,0.0,True,,
casent0490190,Monomorium,mac,253331,253331,1.0,0.0,True,,
casent0000550,Mystrium,mac,248978,248978,1.0,0.0,True,,
casent0000760,Mystrium,mac,287981,287981,1.0,0.0,True,,
casent0002102,Mystrium,mac,317120,317120,1.0,0.0,True,,
casent0003280,Mystrium,mac,334540,334540,1.0,0.0,True,,
casent0003307,Mystrium,mac,120762,120762,1.0,0.0,True,,
casent0003308,Mystrium,mac,263624,263624,1.0,0.0,True,,
casent0003309,Mystrium,mac,132493,132493,1.0,0.0,True,,
casent0003310,Mystrium,mac,220332,220332,1.0,0.0,True,,
casent0003806,Mystrium,mac,184448,184448,1.0,0.0,True,,
casent0006083,Mystrium,mac,312923,312923,1.0,0.0,True,,
casent0009349,Mystrium,mac,246308,246308,1.0,0.0,True,,
casent0009965,Mystrium,mac,240715,240715,1.0,0.0,True,,
casent0009966,Mystrium,mac,238085,238085,1.0,0.0,True,,
casent0009967,Mystrium,mac,228547,228547,1.0,0.0,True,,
casent0009968,Mystrium,mac,244715,244715,1.0,0.0,True,,
casent0009969,Mystrium,mac,239519,239519,1.0,0.0,True,,
casent0076622,Mystrium,mac,214129,214129,1.0,0.0,True,,
casent0101137,Mystrium,mac,137055,137055,1.0,0.0,True,,
casent0101448,Mystrium,mac,220772,220772,1.0,0.0,True,,
casent0101670,Mystrium,mac,231572,231572,1.0,0.0,True,,
casent0101710,Mystrium,mac,243328,243328,1.0,0.0,True,,
casent0101872,Mystrium,mac,241797,241797,1.0,0.0,True,,
casent0101952,Mystrium,mac,152643,152643,1.0,0.0,True,,
casent0101993,Mystrium,mac,102372,102372,1.0,0.0,True,,
casent0101995,Mystrium,mac,302944,302944,1.0,0.0,True,,
casent0102171,Mystrium,mac,216853,216853,1.0,0.0,True,,
casent0102172,Mystrium,mac,154138,154138,1.0,0.0,True,,
casent0104555,Mystrium,mac,186984,186984,1.0,0.0,True,,
casent0104556,Mystrium,mac,200192,200192,1.0,0.0,True,,
casent0104557,Mystrium,mac,181094,181094,1.0,0.0,True,,
casent0104560,Mystrium,mac,343069,343069,1.0,0.0,True,,
casent0104561,Mystrium,mac,249213,249213,1.0,0.0,True,,
casent0104562,Mystrium,mac,397703,397703,1.0,0.0,True,,
casent0104563,Mystrium,mac,178915,178915,1.0,0.0,True,,
casent0136493,Mystrium,mac,152087,152087,1.0,0.0,True,,
casent0141843,Mystrium,mac,304839,304839,1.0,0.0,True,,
casent0172602,Mystrium,mac,124293,124293,1.0,0.0,True,,
casent0317397,Mystrium,mac,458650,458650,1.0,0.0,True,no_scalebar,no_scalebar
casent0317582,Mystrium,mac,36544,36544,1.0,0.0,True,,
casent0318920,Mystrium,mac,508763,508763,1.0,0.0,True,no_scalebar,no_scalebar
casent0429930,Mystrium,mac,245889,245889,1.0,0.0,True,,
casent0429953,Mystrium,mac,313822,313822,1.0,0.0,True,,
casent0429955,Mystrium,mac,292987,292987,1.0,0.0,True,,
casent0906905,Mystrium,mac,341663,341663,1.0,0.0,True,no_scalebar,no_scalebar
casent0003120,Nesomyrmex,mac,237114,237114,1.0,0.0,True,,
casent0060902,Nesomyrmex,mac,260635,260635,1.0,0.0,True,,
casent0101616,Nesomyrmex,mac,224597,224597,1.0,0.0,True,,
casent0101667,Nesomyrmex,mac,456461,456461,1.0,0.0,True,,
casent0101687,Nesomyrmex,mac,266923,266923,1.0,0.0,True,,
casent0102064,Nesomyrmex,mac,249659,249659,1.0,0.0,True,,
casent0102065,Nesomyrmex,mac,169625,169625,1.0,0.0,True,,
casent0189276,Nesomyrmex,mac,226644,226644,1.0,0.0,True,,
casent0189277,Nesomyrmex,mac,253631,253631,1.0,0.0,True,,
casent0393113,Nesomyrmex,mac,329852,329852,1.0,0.0,True,,
casent0393121,Nesomyrmex,mac,416191,416191,1.0,0.0,True,,
casent0422630,Nesomyrmex,mac,178040,178040,1.0,0.0,True,,
casent0443515,Nesomyrmex,mac,370831,370831,1.0,0.0,True,,
casent0455428,Nesomyrmex,mac,341550,341550,1.0,0.0,True,no_scalebar,no_scalebar
casent0487130,Nesomyrmex,mac,208141,208141,1.0,0.0,True,,
casent0487142,Nesomyrmex,mac,192058,192058,1.0,0.0,True,,
casent0919845,Nesomyrmex,mac,329827,329827,1.0,0.0,True,no_scalebar,no_scalebar
casent0007735,Nylanderia,mac,219198,219198,1.0,0.0,True,,
casent0101299,Nylanderia,mac,260055,260055,1.0,0.0,True,,
casent0101300,Nylanderia,mac,260370,260370,1.0,0.0,True,,
casent0101311,Nylanderia,mac,195655,195655,1.0,0.0,True,,
casent0101312,Nylanderia,mac,363670,363670,1.0,0.0,True,,
casent0101315,Nylanderia,mac,235354,235354,1.0,0.0,True,,
casent0101316,Nylanderia,mac,388337,388337,1.0,0.0,True,,
casent0101318,Nylanderia,mac,238370,238370,1.0,0.0,True,,
casent0101319,Nylanderia,mac,385101,385101,1.0,0.0,True,,
casent0101320,Nylanderia,mac,283803,283803,1.0,0.0,True,,
casent0101416,Nylanderia,mac,226850,226850,1.0,0.0,True,,
casent0101488,Nylanderia,mac,339692,339692,1.0,0.0,True,,
casent0101749,Nylanderia,mac,273214,273214,1.0,0.0,True,,
casent0101781,Nylanderia,mac,274393,274393,1.0,0.0,True,,
casent0101833,Nylanderia,mac,145474,145474,1.0,0.0,True,,
casent0101887,Nylanderia,mac,289856,289856,1.0,0.0,True,,
casent0101927,Nylanderia,mac,177817,177817,1.0,0.0,True,,
casent0102977,Nylanderia,mac,215243,215243,1.0,0.0,True,,
casent0104642,Nylanderia,mac,322076,322076,1.0,0.0,True,,
casent0104643,Nylanderia,mac,212720,212720,1.0,0.0,True,,
casent0005967,Odontomachus,mac,184757,184757,1.0,0.0,True,,
casent0005968,Odontomachus,mac,178016,178016,1.0,0.0,True,,
casent0009409,Odontomachus,mac,209592,209592,1.0,0.0,True,,
casent0047308,Odontomachus,mac,160045,160045,1.0,0.0,True,,
casent0101014,Odontomachus,mac,224623,224623,1.0,0.0,True,,
casent0101015,Odontomachus,mac,100964,100964,1.0,0.0,True,,
casent0101986,Odontomachus,mac,107288,107288,1.0,0.0,True,,
casent0102019,Odontomachus,mac,60522,60522,1.0,0.0,True,,
casent0102021,Odontomachus,mac,72160,72160,1.0,0.0,True,,
casent0104549,Odontomachus,mac,133981,133981,1.0,0.0,True,,
casent0104550,Odontomachus,mac,163573,163573,1.0,0.0,True,,
casent0104551,Odontomachus,mac,146469,146469,1.0,0.0,True,,
casent0104552,Odontomachus,mac,159691,159691,1.0,0.0,True,,
casent0499525,Odontomachus,mac,182238,182238,1.0,0.0,True,,
casent0034499,Pachycondyla,mac,443252,443252,1.0,0.0,True,,
casent0048930,Pachycondyla,mac,235438,235438,1.0,0.0,True,,
casent0101034,Pachycondyla,mac,163539,163539,1.0,0.0,True,,
casent0101035,Pachycondyla,mac,353571,353571,1.0,0.0,True,no_scalebar,no_scalebar
casent0101401,Pachycondyla,mac,191859,191859,1.0,0.0,True,,
casent0101403,Pachycondyla,mac,214681,214681,1.0,0.0,True,,
casent0101862,Pachycondyla,mac,129635,129635,1.0,0.0,True,,
casent0164205,Pachycondyla,mac,479226,479226,1.0,0.0,True,,
casent0300904,Pachycondyla,mac,521766,521766,1.0,0.0,True,,
casent0389498,Pachycondyla,mac,27053,27053,1.0,0.0,True,no_scalebar,no_scalebar
casent0487847,Pachycondyla,mac,311450,311450,1.0,0.0,True,,
casent0497202,Pachycondyla,mac,260222,260222,1.0,0.0,True,,
casent0840847,Pachycondyla,mac,432701,432701,1.0,0.0,True,,
casent0040756,Pheidole,mac,382186,382186,1.0,0.0,True,,
casent0101321,Pheidole,mac,246712,246712,1.0,0.0,True,,
casent0101322,Pheidole,mac,286183,286183,1.0,0.0,True,,
casent0101323,Pheidole,mac,342397,342397,1.0,0.0,True,,
casent0101324,Pheidole,mac,178699,178699,1.0,0.0,True,,
casent0101326,Pheidole,mac,229101,229101,1.0,0.0,True,,
casent0101327,Pheidole,mac,151687,151687,1.0,0.0,True,,
casent0101328,Pheidole,mac,212043,212043,1.0,0.0,True,,
casent0101329,Pheidole,mac,187982,187982,1.0,0.0,True,,
casent0101330,Pheidole,mac,206467,206467,1.0,0.0,True,,
casent0101331,Pheidole,mac,189606,189606,1.0,0.0,True,,
casent0101333,Pheidole,mac,229612,229612,1.0,0.0,True,,
casent0101419,Pheidole,mac,313434,313434,1.0,0.0,True,,
casent0101554,Pheidole,mac,283504,283504,1.0,0.0,True,,
casent0101560,Pheidole,mac,267499,267499,1.0,0.0,True,,
casent0101564,Pheidole,mac,188120,188120,1.0,0.0,True,,
casent0101567,Pheidole,mac,153667,153667,1.0,0.0,True,,
casent0101570,Pheidole,mac,182743,182743,1.0,0.0,True,,
casent0101580,Pheidole,mac,278774,278774,1.0,0.0,True,,
casent0101584,Pheidole,mac,172357,172357,1.0,0.0,True,,
casent0101594,Pheidole,mac,219680,219680,1.0,0.0,True,,
casent0101598,Pheidole,mac,149897,149897,1.0,0.0,True,,
casent0101624,Pheidole,mac,225200,225200,1.0,0.0,True,,
casent0101628,Pheidole,mac,200496,200496,1.0,0.0,True,,
casent0101630,Pheidole,mac,208210,208210,1.0,0.0,True,,
casent0101638,Pheidole,mac,248888,248888,1.0,0.0,True,,
casent0101640,Pheidole,mac,259988,259988,1.0,0.0,True,,
casent0101650,Pheidole,mac,415463,415463,1.0,0.0,True,,
casent0101661,Pheidole,mac,174884,174884,1.0,0.0,True,,
casent0101668,Pheidole,mac,295187,295187,1.0,0.0,True,,
casent0101682,Pheidole,mac,260631,260631,1.0,0.0,True,,
casent0101688,Pheidole,mac,200155,200155,1.0,0.0,True,,
casent0101692,Pheidole,mac,228323,228323,1.0,0.0,True,,
casent0101695,Pheidole,mac,347798,347798,1.0,0.0,True,,
casent0101707,Pheidole,mac,210499,210499,1.0,0.0,True,,
casent0101716,Pheidole,mac,154574,154574,1.0,0.0,True,,
casent0101720,Pheidole,mac,230696,230696,1.0,0.0,True,,
casent0101724,Pheidole,mac,256818,256818,1.0,0.0,True,,
casent0101745,Pheidole,mac,169892,169892,1.0,0.0,True,,
casent0101755,Pheidole,mac,152813,152813,1.0,0.0,True,,
casent0101767,Pheidole,mac,234915,234915,1.0,0.0,True,,
casent0101780,Pheidole,mac,165825,165825,1.0,0.0,True,,
casent0101829,Pheidole,mac,359688,359688,1.0,0.0,True,,
casent0101838,Pheidole,mac,215165,215165,1.0,0.0,True,,
casent0101869,Pheidole,mac,316733,316733,1.0,0.0,True,,
casent0101897,Pheidole,mac,264837,264837,1.0,0.0,True,,
casent0101943,Pheidole,mac,136468,136468,1.0,0.0,True,,
casent0101971,Pheidole,mac,243504,243504,1.0,0.0,True,,
casent0103296,Pheidole,mac,239583,239583,1.0,0.0,True,,
casent0103297,Pheidole,mac,310116,310116,1.0,0.0,True,,
casent0103307,Pheidole,mac,264024,264024,1.0,0.0,True,,
casent0103308,Pheidole,mac,316410,316410,1.0,0.0,True,,
casent0104594,Pheidole,mac,269699,269699,1.0,0.0,True,,
casent0104595,Pheidole,mac,516736,516736,1.0,0.0,True,,
casent0104596,Pheidole,mac,368033,368033,1.0,0.0,True,,
casent0104597,Pheidole,mac,292252,292252,1.0,0.0,True,,
casent0104600,Pheidole,mac,282655,282655,1.0,0.0,True,,
casent0104601,Pheidole,mac,238705,238705,1.0,0.0,True,,
casent0104604,Pheidole,mac,239918,239918,1.0,0.0,True,,
casent0104605,Pheidole,mac,251917,251917,1.0,0.0,True,,
casent0161442,Pheidole,mac,289689,289689,1.0,0.0,True,,
casent0173312,Pheidole,mac,253617,253617,1.0,0.0,True,,
casent0198009,Pheidole,mac,344758,344758,1.0,0.0,True,no_scalebar,no_scalebar
casent0230800,Pheidole,mac,174502,174502,1.0,0.0,True,,
casent0235036,Pheidole,mac,124197,124197,1.0,0.0,True,,
casent0299307,Pheidole,mac,327581,327581,1.0,0.0,True,,
casent0403269,Pheidole,mac,126341,126341,1.0,0.0,True,,
casent0491427,Pheidole,mac,347471,347471,1.0,0.0,True,,
casent0494701,Pheidole,mac,254828,254828,1.0,0.0,True,,
casent0704282,Pheidole,mac,299991,299991,1.0,0.0,True,,
casent0720924,Pheidole,mac,298198,298198,1.0,0.0,True,,
casent0808080,Pheidole,mac,478016,478016,1.0,0.0,True,,
casent0906497,Pheidole,mac,237233,237233,1.0,0.0,True,,
casent0923194,Pheidole,mac,456008,456008,1.0,0.0,True,no_scalebar,no_scalebar
casent0923257,Pheidole,mac,345272,345272,1.0,0.0,True,,
casent0923269,Pheidole,mac,343210,343210,1.0,0.0,True,,
casent0923292,Pheidole,mac,341032,341032,1.0,0.0,True,,
casent0923322,Pheidole,mac,392520,392520,1.0,0.0,True,,
casent0048678,Platythyrea,mac,351712,351712,1.0,0.0,True,,
casent0101718,Platythyrea,mac,122611,122611,1.0,0.0,True,,
casent0101722,Platythyrea,mac,132446,132446,1.0,0.0,True,,
casent0101766,Platythyrea,mac,166039,166039,1.0,0.0,True,,
casent0101806,Platythyrea,mac,163297,163297,1.0,0.0,True,,
casent0101864,Platythyrea,mac,443072,443072,1.0,0.0,True,,
casent0101890,Platythyrea,mac,167248,167248,1.0,0.0,True,,
casent0102004,Platythyrea,mac,330877,330877,1.0,0.0,True,,
casent0102005,Platythyrea,mac,329592,329592,1.0,0.0,True,,
casent0102006,Platythyrea,mac,211256,211256,1.0,0.0,True,,
casent0102008,Platythyrea,mac,135289,135289,1.0,0.0,True,,
casent0102009,Platythyrea,mac,188067,188067,1.0,0.0,True,,
casent0102930,Platythyrea,mac,210123,210123,1.0,0.0,True,,
casent0102996,Platythyrea,mac,267836,267836,1.0,0.0,True,,
casent0106094,Platythyrea,mac,296820,296820,1.0,0.0,True,,
casent0416250,Platythyrea,mac,214363,214363,1.0,0.0,True,,
casent0497789,Platythyrea,mac,288422,288422,1.0,0.0,True,,
casent0498535,Platythyrea,mac,244933,244933,1.0,0.0,True,,
casent0002219,Royidris,mac,240480,240480,1.0,0.0,True,,
casent0002244,Royidris,mac,257721,257721,1.0,0.0,True,,
casent0002257,Royidris,mac,166467,166467,1.0,0.0,True,,
casent0002259,Royidris,mac,172052,172052,1.0,0.0,True,,
casent0019273,Royidris,mac,236993,236993,1.0,0.0,True,,
casent0020786,Royidris,mac,443070,443070,1.0,0.0,True,no_scalebar,no_scalebar
casent0035010,Royidris,mac,242498,242498,1.0,0.0,True,,
casent0035270,Royidris,mac,328604,328604,1.0,0.0,True,,
casent0077935,Royidris,mac,224359,224359,1.0,0.0,True,,
casent0128362,Royidris,mac,246206,246206,1.0,0.0,True,,
casent0003239,Strumigenys,mac,255265,255265,1.0,0.0,True,,
casent0003240,Strumigenys,mac,189975,189975,1.0,0.0,True,,
casent0003241,Strumigenys,mac,253014,253014,1.0,0.0,True,,
casent0003242,Strumigenys,mac,240434,240434,1.0,0.0,True,,
casent0003243,Strumigenys,mac,278699,278699,1.0,0.0,True,,
casent0003245,Strumigenys,mac,160257,160257,1.0,0.0,True,,
casent0003246,Strumigenys,mac,312775,312775,1.0,0.0,True,,
casent0004369,Strumigenys,mac,338578,338578,1.0,0.0,True,,
casent0004370,Strumigenys,mac,161963,161963,1.0,0.0,True,,
casent0005445,Strumigenys,mac,191052,191052,1.0,0.0,True,,
casent0005446,Strumigenys,mac,229163,229163,1.0,0.0,True,,
casent0005447,Strumigenys,mac,244624,244624,1.0,0.0,True,,
casent0005448,Strumigenys,mac,158170,158170,1.0,0.0,True,,
casent0005449,Strumigenys,mac,102322,102322,1.0,0.0,True,,
casent0005450,Strumigenys,mac,188239,188239,1.0,0.0,True,,
casent0005451,Strumigenys,mac,215911,215911,1.0,0.0,True,,
casent0005453,Strumigenys,mac,229532,229532,1.0,0.0,True,,
casent0005454,Strumigenys,mac,237230,237230,1.0,0.0,True,,
casent0005455,Strumigenys,mac,221508,221508,1.0,0.0,True,,
casent0005456,Strumigenys,mac,196018,196018,1.0,0.0,True,,
casent0005457,Strumigenys,mac,298532,298532,1.0,0.0,True,,
casent0005458,Strumigenys,mac,276719,276719,1.0,0.0,True,,
casent0005459,Strumigenys,mac,244234,244234,1.0,0.0,True,,
casent0005461,Strumigenys,mac,285299,285299,1.0,0.0,True,,
casent0005462,Strumigenys,mac,306054,306054,1.0,0.0,True,,
casent0005463,Strumigenys,mac,256701,256701,1.0,0.0,True,,
casent0005464,Strumigenys,mac,209984,209984,1.0,0.0,True,,
casent0005465,Strumigenys,mac,227364,227364,1.0,0.0,True,,
casent0005466,Strumigenys,mac,178359,178359,1.0,0.0,True,,
casent0005467,Strumigenys,mac,213830,213830,1.0,0.0,True,,
casent0005468,Strumigenys,mac,202609,202609,1.0,0.0,True,,
casent0005469,Strumigenys,mac,228837,228837,1.0,0.0,True,,
casent0005470,Strumigenys,mac,186376,186376,1.0,0.0,True,,
casent0005472,Strumigenys,mac,205974,205974,1.0,0.0,True,,
casent0005473,Strumigenys,mac,268090,268090,1.0,0.0,True,,
casent0005474,Strumigenys,mac,278856,278856,1.0,0.0,True,,
casent0005478,Strumigenys,mac,101241,101241,1.0,0.0,True,,
casent0005479,Strumigenys,mac,93792,93792,1.0,0.0,True,,
casent0005481,Strumigenys,mac,146107,146107,1.0,0.0,True,,
casent0005483,Strumigenys,mac,152760,152760,1.0,0.0,True,,
casent0005484,Strumigenys,mac,168282,168282,1.0,0.0,True,,
casent0005485,Strumigenys,mac,216210,216210,1.0,0.0,True,,
casent0005486,Strumigenys,mac,271336,271336,1.0,0.0,True,,
casent0005487,Strumigenys,mac,150161,150161,1.0,0.0,True,,
casent0005488,Strumigenys,mac,141918,141918,1.0,0.0,True,,
casent0005489,Strumigenys,mac,100210,100210,1.0,0.0,True,,
casent0005490,Strumigenys,mac,140432,140432,1.0,0.0,True,,
casent0005492,Strumigenys,mac,225196,225196,1.0,0.0,True,,
casent0005493,Strumigenys,mac,122325,122325,1.0,0.0,True,,
casent0005495,Strumigenys,mac,139785,139785,1.0,0.0,True,,
casent0005496,Strumigenys,mac,145729,145729,1.0,0.0,True,,
casent0005497,Strumigenys,mac,240253,240253,1.0,0.0,True,,
casent0005498,Strumigenys,mac,194538,194538,1.0,0.0,True,,
casent0005499,Strumigenys,mac,167969,167969,1.0,0.0,True,,
casent0005500,Strumigenys,mac,203031,203031,1.0,0.0,True,,
casent0005501,Strumigenys,mac,143879,143879,1.0,0.0,True,,
casent0005502,Strumigenys,mac,229023,229023,1.0,0.0,True,,
casent0005503,Strumigenys,mac,182174,182174,1.0,0.0,True,,
casent0005504,Strumigenys,mac,201927,201927,1.0,0.0,True,,
casent0005506,Strumigenys,mac,195363,195363,1.0,0.0,True,,
casent0005507,Strumigenys,mac,252016,252016,1.0,0.0,True,,
casent0005508,Strumigenys,mac,131127,131127,1.0,0.0,True,no_scalebar,no_scalebar
casent0005509,Strumigenys,mac,144748,144748,1.0,0.0,True,,
casent0005510,Strumigenys,mac,433340,433340,1.0,0.0,True,,
casent0005511,Strumigenys,mac,230574,230574,1.0,0.0,True,no_scalebar,no_scalebar
casent0005512,Strumigenys,mac,247129,247129,1.0,0.0,True,,
casent0005513,Strumigenys,mac,212774,212774,1.0,0.0,True,,
casent0005514,Strumigenys,mac,222981,222981,1.0,0.0,True,,
casent0005515,Strumigenys,mac,259505,259505,1.0,0.0,True,,
casent0005516,Strumigenys,mac,177832,177832,1.0,0.0,True,,
casent0005517,Strumigenys,mac,338593,338593,1.0,0.0,True,,
casent0005518,Strumigenys,mac,154515,154515,1.0,0.0,True,,
casent0005519,Strumigenys,mac,137088,137088,1.0,0.0,True,,
casent0005521,Strumigenys,mac,148656,148656,1.0,0.0,True,,
casent0005522,Strumigenys,mac,228980,228980,1.0,0.0,True,,
casent0005523,Strumigenys,mac,262486,262486,1.0,0.0,True,,
casent0005524,Strumigenys,mac,230738,230738,1.0,0.0,True,,
casent0005527,Strumigenys,mac,197085,197085,1.0,0.0,True,,
casent0005528,Strumigenys,mac,153479,153479,1.0,0.0,True,,
casent0005529,Strumigenys,mac,162525,162525,1.0,0.0,True,,
casent0005531,Strumigenys,mac,178384,178384,1.0,0.0,True,,
casent0005532,Strumigenys,mac,183083,183083,1.0,0.0,True,,
casent0005533,Strumigenys,mac,219688,219688,1.0,0.0,True,,
casent0005534,Strumigenys,mac,196109,196109,1.0,0.0,True,,
casent0005535,Strumigenys,mac,179345,179345,1.0,0.0,True,,
casent0005536,Strumigenys,mac,162721,162721,1.0,0.0,True,,
casent0005537,Strumigenys,mac,173703,173703,1.0,0.0,True,no_scalebar,no_scalebar
casent0005538,Strumigenys,mac,230050,230050,1.0,0.0,True,,
casent0005539,Strumigenys,mac,263886,263886,1.0,0.0,True,,
casent0005540,Strumigenys,mac,304103,304103,1.0,0.0,True,,
casent0005541,Strumigenys,mac,121219,121219,1.0,0.0,True,,
casent0005542,Strumigenys,mac,132985,132985,1.0,0.0,True,,
casent0005543,Strumigenys,mac,173133,173133,1.0,0.0,True,,
casent0005544,Strumigenys,mac,156279,156279,1.0,0.0,True,,
casent0005546,Strumigenys,mac,225361,225361,1.0,0.0,True,,
casent0005549,Strumigenys,mac,355451,355451,1.0,0.0,True,,
casent0005551,Strumigenys,mac,212763,212763,1.0,0.0,True,,
casent0005552,Strumigenys,mac,169471,169471,1.0,0.0,True,,
casent0005553,Strumigenys,mac,195103,195103,1.0,0.0,True,,
casent0005556,Strumigenys,mac,170263,170263,1.0,0.0,True,,
casent0005557,Strumigenys,mac,196531,196531,1.0,0.0,True,,
casent0005558,Strumigenys,mac,276388,276388,1.0,0.0,True,,
casent0005559,Strumigenys,mac,153355,153355,1.0,0.0,True,,
casent0005560,Strumigenys,mac,182890,182890,1.0,0.0,True,,
casent0005561,Strumigenys,mac,181797,181797,1.0,0.0,True,,
casent0005562,Strumigenys,mac,228461,228461,1.0,0.0,True,no_scalebar,no_scalebar
casent0005563,Strumigenys,mac,197196,197196,1.0,0.0,True,,
casent0005564,Strumigenys,mac,144694,144694,1.0,0.0,True,,
casent0005565,Strumigenys,mac,175436,175436,1.0,0.0,True,,
casent0005566,Strumigenys,mac,159538,159538,1.0,0.0,True,,
casent0005568,Strumigenys,mac,278053,278053,1.0,0.0,True,,
casent0005569,Strumigenys,mac,224766,224766,1.0,0.0,True,,
casent0005570,Strumigenys,mac,159094,159094,1.0,0.0,True,,
casent0005571,Strumigenys,mac,203603,203603,1.0,0.0,True,,
casent0005572,Strumigenys,mac,198359,198359,1.0,0.0,True,,
casent0005573,Strumigenys,mac,196425,196425,1.0,0.0,True,,
casent0005574,Strumigenys,mac,199058,199058,1.0,0.0,True,,
casent0005575,Strumigenys,mac,252104,252104,1.0,0.0,True,,
casent0005576,Strumigenys,mac,188302,188302,1.0,0.0,True,,
casent0005577,Strumigenys,mac,156839,156839,1.0,0.0,True,,
casent0005578,Strumigenys,mac,188717,188717,1.0,0.0,True,,
casent0005579,Strumigenys,mac,282731,282731,1.0,0.0,True,,
casent0005580,Strumigenys,mac,149690,149690,1.0,0.0,True,,
casent0005581,Strumigenys,mac,452785,452785,1.0,0.0,True,,
casent0005582,Strumigenys,mac,208034,208034,1.0,0.0,True,,
casent0005583,Strumigenys,mac,201278,201278,1.0,0.0,True,,
casent0005584,Strumigenys,mac,217958,217958,1.0,0.0,True,,
casent0005585,Strumigenys,mac,215484,215484,1.0,0.0,True,,
casent0005586,Strumigenys,mac,220073,220073,1.0,0.0,True,,
casent0005587,Strumigenys,mac,238766,238766,1.0,0.0,True,,
casent0005588,Strumigenys,mac,166597,166597,1.0,0.0,True,,
casent0005589,Strumigenys,mac,168876,168876,1.0,0.0,True,,
casent0005590,Strumigenys,mac,127208,127208,1.0,0.0,True,,
casent0005591,Strumigenys,mac,295651,295651,1.0,0.0,True,,
casent0005592,Strumigenys,mac,254854,254854,1.0,0.0,True,,
casent0005593,Strumigenys,mac,256826,256826,1.0,0.0,True,,
casent0005594,Strumigenys,mac,235466,235466,1.0,0.0,True,,
casent0005595,Strumigenys,mac,149832,149832,1.0,0.0,True,,
casent0005596,Strumigenys,mac,160088,160088,1.0,0.0,True,,
casent0005597,Strumigenys,mac,192744,192744,1.0,0.0,True,,
casent0005598,Strumigenys,mac,189148,189148,1.0,0.0,True,,
casent0005599,Strumigenys,mac,202309,202309,1.0,0.0,True,,
casent0005601,Strumigenys,mac,419323,419323,1.0,0.0,True,,
casent0005602,Strumigenys,mac,180349,180349,1.0,0.0,True,,
casent0005603,Strumigenys,mac,147387,147387,1.0,0.0,True,,
casent0005604,Strumigenys,mac,232416,232416,1.0,0.0,True,,
casent0005605,Strumigenys,mac,313962,313962,1.0,0.0,True,,
casent0005608,Strumigenys,mac,232991,232991,1.0,0.0,True,,
casent0005609,Strumigenys,mac,175130,175130,1.0,0.0,True,,
casent0005610,Strumigenys,mac,184933,184933,1.0,0.0,True,,
casent0005611,Strumigenys,mac,365186,365186,1.0,0.0,True,,
casent0005612,Strumigenys,mac,167365,167365,1.0,0.0,True,,
casent0005613,Strumigenys,mac,181379,181379,1.0,0.0,True,,
casent0005614,Strumigenys,mac,127469,127469,1.0,0.0,True,,
casent0005615,Strumigenys,mac,199778,199778,1.0,0.0,True,,
casent0005616,Strumigenys,mac,158143,158143,1.0,0.0,True,,
casent0005617,Strumigenys,mac,191531,191531,1.0,0.0,True,,
casent0005618,Strumigenys,mac,159358,159358,1.0,0.0,True,,
casent0005619,Strumigenys,mac,214477,214477,1.0,0.0,True,,
casent0005620,Strumigenys,mac,331378,331378,1.0,0.0,True,,
casent0005622,Strumigenys,mac,160049,160049,1.0,0.0,True,,
casent0005623,Strumigenys,mac,197764,197764,1.0,0.0,True,,
casent0005624,Strumigenys,mac,177003,177003,1.0,0.0,True,,
casent0005625,Strumigenys,mac,309808,309808,1.0,0.0,True,,
casent0005626,Strumigenys,mac,245047,245047,1.0,0.0,True,,
casent0005627,Strumigenys,mac,188866,188866,1.0,0.0,True,,
casent0005628,Strumigenys,mac,186929,186929,1.0,0.0,True,,
casent0005629,Strumigenys,mac,181168,181168,1.0,0.0,True,,
casent0005630,Strumigenys,mac,226346,226346,1.0,0.0,True,,
casent0005631,Strumigenys,mac,210183,210183,1.0,0.0,True,,
casent0005632,Strumigenys,mac,171908,171908,1.0,0.0,True,,
casent0005633,Strumigenys,mac,298262,298262,1.0,0.0,True,,
casent0005634,Strumigenys,mac,270920,270920,1.0,0.0,True,,
casent0005635,Strumigenys,mac,161558,161558,1.0,0.0,True,,
casent0005636,Strumigenys,mac,129820,129820,1.0,0.0,True,,
casent0005637,Strumigenys,mac,198853,198853,1.0,0.0,True,no_scalebar,no_scalebar
casent0005638,Strumigenys,mac,207201,207201,1.0,0.0,True,,
casent0005639,Strumigenys,mac,199785,199785,1.0,0.0,True,,
casent0005640,Strumigenys,mac,226907,226907,1.0,0.0,True,,
casent0005641,Strumigenys,mac,185063,185063,1.0,0.0,True,,
casent0005642,Strumigenys,mac,175810,175810,1.0,0.0,True,,
casent0005643,Strumigenys,mac,235757,235757,1.0,0.0,True,,
casent0005644,Strumigenys,mac,135044,135044,1.0,0.0,True,,
casent0005645,Strumigenys,mac,179519,179519,1.0,0.0,True,,
casent0005646,Strumigenys,mac,258282,258282,1.0,0.0,True,,
casent0005647,Strumigenys,mac,177081,177081,1.0,0.0,True,,
casent0005889,Strumigenys,mac,286765,286765,1.0,0.0,True,,
casent0005890,Strumigenys,mac,215990,215990,1.0,0.0,True,,
casent0005891,Strumigenys,mac,208086,208086,1.0,0.0,True,,
casent0005892,Strumigenys,mac,223422,223422,1.0,0.0,True,,
casent0005893,Strumigenys,mac,229853,229853,1.0,0.0,True,,
casent0005896,Strumigenys,mac,184886,184886,1.0,0.0,True,,
casent0005897,Strumigenys,mac,322683,322683,1.0,0.0,True,,
casent0005899,Strumigenys,mac,189865,189865,1.0,0.0,True,,
casent0005986,Strumigenys,mac,199805,199805,1.0,0.0,True,,
casent0005987,Strumigenys,mac,186244,186244,1.0,0.0,True,,
casent0005988,Strumigenys,mac,247533,247533,1.0,0.0,True,,
casent0005989,Strumigenys,mac,194702,194702,1.0,0.0,True,,
casent0005990,Strumigenys,mac,213785,213785,1.0,0.0,True,,
casent0005991,Strumigenys,mac,365684,365684,1.0,0.0,True,,
casent0005992,Strumigenys,mac,282280,282280,1.0,0.0,True,,
casent0005993,Strumigenys,mac,322728,322728,1.0,0.0,True,,
casent0005994,Strumigenys,mac,226714,226714,1.0,0.0,True,,
casent0005995,Strumigenys,mac,236385,236385,1.0,0.0,True,,
casent0005996,Strumigenys,mac,279938,279938,1.0,0.0,True,,
casent0005999,Strumigenys,mac,368749,368749,1.0,0.0,True,,
casent0006000,Strumigenys,mac,261021,261021,1.0,0.0,True,,
casent0006026,Strumigenys,mac,252378,252378,1.0,0.0,True,,
casent0006027,Strumigenys,mac,330240,330240,1.0,0.0,True,,
casent0006028,Strumigenys,mac,232334,232334,1.0,0.0,True,,
casent0067549,Strumigenys,mac,277437,277437,1.0,0.0,True,,
casent0069921,Strumigenys,mac,193298,193298,1.0,0.0,True,,
casent0101253,Strumigenys,mac,236525,236525,1.0,0.0,True,,
casent0101254,Strumigenys,mac,186194,186194,1.0,0.0,True,,
casent0102258,Strumigenys,mac,171491,171491,1.0,0.0,True,,
casent0102259,Strumigenys,mac,357296,357296,1.0,0.0,True,,
casent0102260,Strumigenys,mac,265032,265032,1.0,0.0,True,,
casent0102262,Strumigenys,mac,254571,254571,1.0,0.0,True,,
casent0102263,Strumigenys,mac,192961,192961,1.0,0.0,True,,
casent0102265,Strumigenys,mac,276031,276031,1.0,0.0,True,,
casent0436719,Strumigenys,mac,235004,235004,1.0,0.0,True,,
casent0456151,Strumigenys,mac,232889,232889,1.0,0.0,True,,
casent0499800,Strumigenys,mac,167605,167605,1.0,0.0,True,,
casent0010867,Syllophopsis,mac,220362,220362,1.0,0.0,True,,
casent0023410,Syllophopsis,mac,239611,239611,1.0,0.0,True,,
casent0026710,Syllophopsis,mac,297916,297916,1.0,0.0,True,,
casent0044971,Syllophopsis,mac,206889,206889,1.0,0.0,True,,
casent0172864,Syllophopsis,mac,268242,268242,1.0,0.0,True,,
casent0172919,Syllophopsis,mac,283014,283014,1.0,0.0,True,,
casent0173588,Syllophopsis,mac,232939,232939,1.0,0.0,True,,
casent0173590,Syllophopsis,mac,183154,183154,1.0,0.0,True,,
casent0173591,Syllophopsis,mac,211250,211250,1.0,0.0,True,,
casent0274442,Syllophopsis,mac,607723,607723,1.0,0.0,True,no_scalebar,no_scalebar
casent0291293,Syllophopsis,mac,1593,1593,1.0,0.0,True,empty;no_scalebar,empty;no_scalebar
casent0430841,Syllophopsis,mac,246571,246571,1.0,0.0,True,,
casent0478937,Syllophopsis,mac,242471,242471,1.0,0.0,True,,
casent0491610,Syllophopsis,mac,209204,209204,1.0,0.0,True,,
casent0005970,Tapinoma,mac,187244,187244,1.0,0.0,True,,
casent0008659,Tapinoma,mac,224681,224681,1.0,0.0,True,,
casent0016783,Tapinoma,mac,244993,244993,1.0,0.0,True,,
casent0101083,Tapinoma,mac,219115,219115,1.0,0.0,True,,
casent0101084,Tapinoma,mac,306510,306510,1.0,0.0,True,,
casent0101085,Tapinoma,mac,286236,286236,1.0,0.0,True,,
casent0101255,Tapinoma,mac,271169,271169,1.0,0.0,True,,
casent0101256,Tapinoma,mac,221716,221716,1.0,0.0,True,,
casent0101468,Tapinoma,mac,349824,349824,1.0,0.0,True,,
casent0103323,Tapinoma,mac,230874,230874,1.0,0.0,True,,
casent0128782,Tapinoma,mac,208844,208844,1.0,0.0,True,,
casent0453961,Tapinoma,mac,167639,167639,1.0,0.0,True,,
casent0453991,Tapinoma,mac,218476,218476,1.0,0.0,True,,
casent0456886,Tapinoma,mac,208620,208620,1.0,0.0,True,,
casent0923668,Tapinoma,mac,359917,359917,1.0,0.0,True,,
casent0003175,Technomyrmex,mac,228284,228284,1.0,0.0,True,,
casent0005969,Technomyrmex,mac,271993,271993,1.0,0.0,True,,
casent0006839,Technomyrmex,mac,221493,221493,1.0,0.0,True,,
casent0053815,Technomyrmex,mac,217235,217235,1.0,0.0,True,,
casent0058901,Technomyrmex,mac,214192,214192,1.0,0.0,True,,
casent0097891,Technomyrmex,mac,192816,192816,1.0,0.0,True,,
casent0101077,Technomyrmex,mac,234345,234345,1.0,0.0,True,,
casent0101078,Technomyrmex,mac,227370,227370,1.0,0.0,True,,
casent0101079,Technomyrmex,mac,179880,179880,1.0,0.0,True,,
casent0101080,Technomyrmex,mac,233104,233104,1.0,0.0,True,,
casent0101467,Technomyrmex,mac,417864,417864,1.0,0.0,True,,
casent0101636,Technomyrmex,mac,204111,204111,1.0,0.0,True,,
casent0101705,Technomyrmex,mac,284211,284211,1.0,0.0,True,,
casent0101791,Technomyrmex,mac,355065,355065,1.0,0.0,True,,
casent0101823,Technomyrmex,mac,190999,190999,1.0,0.0,True,,
casent0101832,Technomyrmex,mac,287006,287006,1.0,0.0,True,,
casent0101926,Technomyrmex,mac,177172,177172,1.0,0.0,True,,
casent0101932,Technomyrmex,mac,367019,367019,1.0,0.0,True,,
casent0101960,Technomyrmex,mac,210005,210005,1.0,0.0,True,,
casent0101974,Technomyrmex,mac,314004,314004,1.0,0.0,True,,
casent0103270,Technomyrmex,mac,205376,205376,1.0,0.0,True,,
casent0104343,Technomyrmex,mac,186737,186737,1.0,0.0,True,,
casent0104646,Technomyrmex,mac,244984,244984,1.0,0.0,True,,
casent0125609,Technomyrmex,mac,224214,224214,1.0,0.0,True,,
casent0128740,Technomyrmex,mac,166871,166871,1.0,0.0,True,,
casent0419034,Technomyrmex,mac,222348,222348,1.0,0.0,True,,
casent0419194,Technomyrmex,mac,196447,196447,1.0,0.0,True,,
casent0435387,Technomyrmex,mac,189144,189144,1.0,0.0,True,,
casent0435450,Technomyrmex,mac,180971,180971,1.0,0.0,True,,
casent0439766,Technomyrmex,mac,278572,278572,1.0,0.0,True,,
casent0443365,Technomyrmex,mac,192525,192525,1.0,0.0,True,,
casent0451074,Technomyrmex,mac,217605,217605,1.0,0.0,True,,
casent0485349,Technomyrmex,mac,207655,207655,1.0,0.0,True,,
casent0485542,Technomyrmex,mac,231315,231315,1.0,0.0,True,,
casent0499794,Technomyrmex,mac,215576,215576,1.0,0.0,True,,
casent0002552,Terataner,mac,234494,234494,1.0,0.0,True,,
casent0077516,Terataner,mac,213192,213192,1.0,0.0,True,,
casent0101618,Terataner,mac,313162,313162,1.0,0.0,True,,
casent0101696,Terataner,mac,293754,293754,1.0,0.0,True,,
casent0101703,Terataner,mac,283174,283174,1.0,0.0,True,,
casent0102047,Terataner,mac,169925,169925,1.0,0.0,True,,
casent0102048,Terataner,mac,305523,305523,1.0,0.0,True,,
casent0102049,Terataner,mac,227296,227296,1.0,0.0,True,,
casent0102093,Terataner,mac,212275,212275,1.0,0.0,True,,
casent0102136,Terataner,mac,288723,288723,1.0,0.0,True,,
casent0102235,Terataner,mac,256219,256219,1.0,0.0,True,,
casent0110604,Terataner,mac,240993,240993,1.0,0.0,True,,
casent0172826,Terataner,mac,360328,360328,1.0,0.0,True,,
casent0172827,Terataner,mac,252312,252312,1.0,0.0,True,,
casent0446582,Terataner,mac,260275,260275,1.0,0.0,True,,
casent0499163,Terataner,mac,244292,244292,1.0,0.0,True,,
casent0007736,Tetramorium,mac,273223,273223,1.0,0.0,True,,
casent0019207,Tetramorium,mac,457835,457835,1.0,0.0,True,no_scalebar,no_scalebar
casent0101138,Tetramorium,mac,216736,216736,1.0,0.0,True,no_scalebar,no_scalebar
casent0101139,Tetramorium,mac,365074,365074,1.0,0.0,True,,
casent0101140,Tetramorium,mac,139346,139346,1.0,0.0,True,,
casent0101141,Tetramorium,mac,204459,204459,1.0,0.0,True,,
casent0101142,Tetramorium,mac,330821,330821,1.0,0.0,True,,
casent0101143,Tetramorium,mac,148002,148002,1.0,0.0,True,,
casent0101144,Tetramorium,mac,255541,255541,1.0,0.0,True,,
casent0101145,Tetramorium,mac,372454,372454,1.0,0.0,True,,
casent0101146,Tetramorium,mac,283131,283131,1.0,0.0,True,,
casent0101147,Tetramorium,mac,297594,297594,1.0,0.0,True,,
casent0101257,Tetramorium,mac,192673,192673,1.0,0.0,True,,
casent0101258,Tetramorium,mac,346669,346669,1.0,0.0,True,,
casent0101259,Tetramorium,mac,271054,271054,1.0,0.0,True,,
casent0101260,Tetramorium,mac,342315,342315,1.0,0.0,True,,
casent0101265,Tetramorium,mac,225800,225800,1.0,0.0,True,,
casent0101266,Tetramorium,mac,189412,189412,1.0,0.0,True,,
casent0101267,Tetramorium,mac,331902,331902,1.0,0.0,True,,
casent0101268,Tetramorium,mac,252861,252861,1.0,0.0,True,,
casent0101269,Tetramorium,mac,189065,189065,1.0,0.0,True,,
casent0101270,Tetramorium,mac,299911,299911,1.0,0.0,True,,
casent0101277,Tetramorium,mac,305991,305991,1.0,0.0,True,,
casent0101278,Tetramorium,mac,322178,322178,1.0,0.0,True,,
casent0101279,Tetramorium,mac,210553,210553,1.0,0.0,True,,
casent0101280,Tetramorium,mac,366210,366210,1.0,0.0,True,,
casent0101281,Tetramorium,mac,186871,186871,1.0,0.0,True,,
casent0101282,Tetramorium,mac,183278,183278,1.0,0.0,True,,
casent0101285,Tetramorium,mac,279407,279407,1.0,0.0,True,,
casent0101286,Tetramorium,mac,436320,436320,1.0,0.0,True,,
casent0101287,Tetramorium,mac,240678,240678,1.0,0.0,True,,
casent0101288,Tetramorium,mac,371200,371200,1.0,0.0,True,,
casent0101289,Tetramorium,mac,214748,214748,1.0,0.0,True,,
casent0101290,Tetramorium,mac,253561,253561,1.0,0.0,True,,
casent0101291,Tetramorium,mac,196312,196312,1.0,0.0,True,,
casent0101292,Tetramorium,mac,190554,190554,1.0,0.0,True,,
casent0101293,Tetramorium,mac,221356,221356,1.0,0.0,True,,
casent0101294,Tetramorium,mac,228578,228578,1.0,0.0,True,,
casent0101297,Tetramorium,mac,248881,248881,1.0,0.0,True,,
casent0101298,Tetramorium,mac,231222,231222,1.0,0.0,True,,
casent0101476,Tetramorium,mac,173278,173278,1.0,0.0,True,,
casent0101480,Tetramorium,mac,129141,129141,1.0,0.0,True,,
casent0101483,Tetramorium,mac,222773,222773,1.0,0.0,True,,
casent0101484,Tetramorium,mac,347684,347684,1.0,0.0,True,,
casent0101556,Tetramorium,mac,284342,284342,1.0,0.0,True,,
casent0101693,Tetramorium,mac,214174,214174,1.0,0.0,True,,
casent0101697,Tetramorium,mac,216796,216796,1.0,0.0,True,,
casent0101721,Tetramorium,mac,312159,312159,1.0,0.0,True,,
casent0101744,Tetramorium,mac,286498,286498,1.0,0.0,True,,
casent0101814,Tetramorium,mac,272493,272493,1.0,0.0,True,,
casent0101821,Tetramorium,mac,258759,258759,1.0,0.0,True,,
casent0101898,Tetramorium,mac,313912,313912,1.0,0.0,True,,
casent0101903,Tetramorium,mac,167761,167761,1.0,0.0,True,,
casent0101938,Tetramorium,mac,214505,214505,1.0,0.0,True,,
casent0102071,Tetramorium,mac,230726,230726,1.0,0.0,True,,
casent0102072,Tetramorium,mac,247610,247610,1.0,0.0,True,,
casent0102078,Tetramorium,mac,185823,185823,1.0,0.0,True,,
casent0102334,Tetramorium,mac,315531,315531,1.0,0.0,True,,
casent0102335,Tetramorium,mac,380089,380089,1.0,0.0,True,,
casent0102336,Tetramorium,mac,186619,186619,1.0,0.0,True,,
casent0102337,Tetramorium,mac,212859,212859,1.0,0.0,True,,
casent0102338,Tetramorium,mac,199238,199238,1.0,0.0,True,,
casent0102339,Tetramorium,mac,155617,155617,1.0,0.0,True,,
casent0102340,Tetramorium,mac,211629,211629,1.0,0.0,True,,
casent0102341,Tetramorium,mac,317244,317244,1.0,0.0,True,,
casent0102342,Tetramorium,mac,301664,301664,1.0,0.0,True,,
casent0102343,Tetramorium,mac,247296,247296,1.0,0.0,True,,
casent0102345,Tetramorium,mac,237814,237814,1.0,0.0,True,,
casent0102346,Tetramorium,mac,265447,265447,1.0,0.0,True,,
casent0102347,Tetramorium,mac,280450,280450,1.0,0.0,True,,
casent0102348,Tetramorium,mac,216777,216777,1.0,0.0,True,,
casent0102349,Tetramorium,mac,227683,227683,1.0,0.0,True,,
casent0102350,Tetramorium,mac,250980,250980,1.0,0.0,True,,
casent0102352,Tetramorium,mac,273775,273775,1.0,0.0,True,,
casent0102353,Tetramorium,mac,298853,298853,1.0,0.0,True,,
casent0102354,Tetramorium,mac,316963,316963,1.0,0.0,True,,
casent0102355,Tetramorium,mac,343841,343841,1.0,0.0,True,,
casent0102385,Tetramorium,mac,248280,248280,1.0,0.0,True,,
casent0102387,Tetramorium,mac,248410,248410,1.0,0.0,True,,
casent0102388,Tetramorium,mac,208591,208591,1.0,0.0,True,,
casent0102392,Tetramorium,mac,282676,282676,1.0,0.0,True,,
casent0102393,Tetramorium,mac,291129,291129,1.0,0.0,True,,
casent0102394,Tetramorium,mac,315055,315055,1.0,0.0,True,,
casent0102395,Tetramorium,mac,205929,205929,1.0,0.0,True,,
casent0102398,Tetramorium,mac,217834,217834,1.0,0.0,True,,
casent0102399,Tetramorium,mac,309818,309818,1.0,0.0,True,,
casent0102400,Tetramorium,mac,245761,245761,1.0,0.0,True,,
casent0102401,Tetramorium,mac,317555,317555,1.0,0.0,True,,
casent0102402,Tetramorium,mac,265996,265996,1.0,0.0,True,,
casent0102403,Tetramorium,mac,300987,300987,1.0,0.0,True,,
casent0102404,Tetramorium,mac,249069,249069,1.0,0.0,True,,
casent0102983,Tetramorium,mac,383350,383350,1.0,0.0,True,,
casent0104606,Tetramorium,mac,336505,336505,1.0,0.0,True,,
casent0104607,Tetramorium,mac,218593,218593,1.0,0.0,True,,
casent0121244,Tetramorium,mac,586480,586480,1.0,0.0,True,,
casent0153610,Tetramorium,mac,412553,412553,1.0,0.0,True,,
casent0163357,Tetramorium,mac,559978,559978,1.0,0.0,True,,
casent0172829,Tetramorium,mac,227105,227105,1.0,0.0,True,,
casent0172830,Tetramorium,mac,337355,337355,1.0,0.0,True,,
casent0172831,Tetramorium,mac,288052,288052,1.0,0.0,True,,
casent0217757,Tetramorium,mac,545456,545456,1.0,0.0,True,,
casent0454495,Tetramorium,mac,375517,375517,1.0,0.0,True,,
casent0467063,Tetramorium,mac,192637,192637,1.0,0.0,True,,
casent0492794,Tetramorium,mac,264676,264676,1.0,0.0,True,,
casent0494149,Tetramorium,mac,314657,314657,1.0,0.0,True,,
casent0012835,Tetraponera,mac,310507,310507,1.0,0.0,True,,
casent0012838,Tetraponera,mac,177145,177145,1.0,0.0,True,,
casent0012841,Tetraponera,mac,286743,286743,1.0,0.0,True,,
casent0012842,Tetraponera,mac,257806,257806,1.0,0.0,True,,
casent0012845,Tetraponera,mac,183573,183573,1.0,0.0,True,,
casent0012850,Tetraponera,mac,144097,144097,1.0,0.0,True,,
casent0012851,Tetraponera,mac,190049,190049,1.0,0.0,True,,
casent0012854,Tetraponera,mac,184906,184906,1.0,0.0,True,,
casent0012858,Tetraponera,mac,195051,195051,1.0,0.0,True,,
casent0012861,Tetraponera,mac,138018,138018,1.0,0.0,True,,
casent0101045,Tetraponera,mac,225954,225954,1.0,0.0,True,,
casent0101046,Tetraponera,mac,271771,271771,1.0,0.0,True,,
casent0101049,Tetraponera,mac,544744,544744,1.0,0.0,True,,
casent0101050,Tetraponera,mac,210473,210473,1.0,0.0,True,,
casent0101051,Tetraponera,mac,240257,240257,1.0,0.0,True,,
casent0101052,Tetraponera,mac,193054,193054,1.0,0.0,True,,
casent0101154,Tetraponera,mac,95613,95613,1.0,0.0,True,,
casent0101155,Tetraponera,mac,112540,112540,1.0,0.0,True,,
casent0101395,Tetraponera,mac,160129,160129,1.0,0.0,True,,
casent0101396,Tetraponera,mac,198339,198339,1.0,0.0,True,,
casent0101575,Tetraponera,mac,234426,234426,1.0,0.0,True,,
casent0101635,Tetraponera,mac,156375,156375,1.0,0.0,True,,
casent0101652,Tetraponera,mac,140638,140638,1.0,0.0,True,,
casent0101713,Tetraponera,mac,148884,148884,1.0,0.0,True,,
casent0101715,Tetraponera,mac,133564,133564,1.0,0.0,True,,
casent0101738,Tetraponera,mac,164677,164677,1.0,0.0,True,,
casent0101740,Tetraponera,mac,227245,227245,1.0,0.0,True,,
casent0101789,Tetraponera,mac,194686,194686,1.0,0.0,True,,
casent0101881,Tetraponera,mac,207952,207952,1.0,0.0,True,no_scalebar,no_scalebar
casent0101883,Tetraponera,mac,154759,154759,1.0,0.0,True,,
casent0101913,Tetraponera,mac,145403,145403,1.0,0.0,True,,
casent0101941,Tetraponera,mac,143003,143003,1.0,0.0,True,,
casent0101979,Tetraponera,mac,108805,108805,1.0,0.0,True,,
casent0102029,Tetraponera,mac,170924,170924,1.0,0.0,True,,
casent0102032,Tetraponera,mac,281254,281254,1.0,0.0,True,,
casent0102033,Tetraponera,mac,212543,212543,1.0,0.0,True,,
casent0102034,Tetraponera,mac,210804,210804,1.0,0.0,True,,
casent0102035,Tetraponera,mac,193941,193941,1.0,0.0,True,,
casent0102037,Tetraponera,mac,180723,180723,1.0,0.0,True,,
casent0106134,Tetraponera,mac,329556,329556,1.0,0.0,True,,
casent0136420,Tetraponera,mac,194444,194444,1.0,0.0,True,,
casent0136912,Tetraponera,mac,166594,166594,1.0,0.0,True,,
casent0409559,Tetraponera,mac,181892,181892,1.0,0.0,True,,
