specimen_code,genus,image_path,qa_score,mask_area_fraction,n_components_30px,card_residue_frac,pin_residue_frac,flags
casent0291293,Syllophopsis,data/images/Syllophopsis/casent0291293_p.jpg,10.4041,0.00152,2,0.36409,0.0,empty;no_scalebar;small
casent0317582,Mystrium,data/images/Mystrium/casent0317582_p.jpg,10.2068,0.03485,3,0.14675,0.0,small
casent0274827,Cataulacus,data/images/Cataulacus/casent0274827_p.jpg,10.201,0.01231,12,0.00101,0.0,no_scalebar;small
casent0389498,Pachycondyla,data/images/Pachycondyla/casent0389498_p.jpg,10.1958,0.0258,7,0.05585,0.0,no_scalebar;small
casent0192117,Camponotus,data/images/Camponotus/casent0192117_p.jpg,10.1217,0.00727,6,0.0017,0.0,no_scalebar;small
casent0486683,Meranoplus,data/images/Meranoplus/casent0486683_p.jpg,10.0803,0.03504,4,0.00035,0.0,no_scalebar;small
casent0104641,Camponotus,data/images/Camponotus/casent0104641_p.jpg,10.0631,0.32986,2,0.02308,0.0,frame_filling
casent0101202,Camponotus,data/images/Camponotus/casent0101202_p.jpg,10.0407,0.01482,1,0.02073,0.0,no_scalebar;small
casent0453961,Tapinoma,data/images/Tapinoma/casent0453961_p.jpg,0.6268,0.25032,1,0.60683,0.0,
casent0008659,Tapinoma,data/images/Tapinoma/casent0008659_p.jpg,0.6106,0.28459,1,0.59056,0.0,
casent0005591,Strumigenys,data/images/Strumigenys/casent0005591_p.jpg,0.492,0.41305,5,0.39198,0.0,
casent0104595,Pheidole,data/images/Pheidole/casent0104595_p.jpg,0.4618,0.50908,4,0.38181,0.0,
casent0101829,Pheidole,data/images/Pheidole/casent0101829_p.jpg,0.4162,0.5306,1,0.39624,0.0,
casent0016783,Tapinoma,data/images/Tapinoma/casent0016783_p.jpg,0.4087,0.32288,3,0.34866,0.0,
casent0005510,Strumigenys,data/images/Strumigenys/casent0005510_p.jpg,0.3928,0.42318,2,0.35285,0.0,
casent0102938,Crematogaster,data/images/Crematogaster/casent0102938_p.jpg,0.3893,0.51003,1,0.36932,0.0,
casent0002257,Royidris,data/images/Royidris/casent0002257_p.jpg,0.3866,0.2188,1,0.36662,0.0,
casent0103307,Pheidole,data/images/Pheidole/casent0103307_p.jpg,0.373,0.34562,3,0.313,0.0,
casent0103323,Tapinoma,data/images/Tapinoma/casent0103323_p.jpg,0.3615,0.29243,2,0.32151,0.0,
casent0101218,Cardiocondyla,data/images/Cardiocondyla/casent0101218_p.jpg,0.3569,0.38164,2,0.31692,0.0,
casent0106134,Tetraponera,data/images/Tetraponera/casent0106134_p.jpg,0.3522,0.4355,1,0.33224,0.0,
casent0104597,Pheidole,data/images/Pheidole/casent0104597_p.jpg,0.3481,0.37017,4,0.26813,0.0,
casent0456886,Tapinoma,data/images/Tapinoma/casent0456886_p.jpg,0.3397,0.26424,1,0.31971,0.0,
casent0005498,Strumigenys,data/images/Strumigenys/casent0005498_p.jpg,0.3325,0.27734,1,0.31245,0.0,
casent0101727,Leptogenys,data/images/Leptogenys/casent0101727_p.jpg,0.3308,0.54667,1,0.3108,0.0,
casent0101687,Nesomyrmex,data/images/Nesomyrmex/casent0101687_p.jpg,0.3184,0.36559,1,0.29837,0.0,
casent0005623,Strumigenys,data/images/Strumigenys/casent0005623_p.jpg,0.314,0.29896,9,0.134,0.0,
casent0005562,Strumigenys,data/images/Strumigenys/casent0005562_p.jpg,0.3109,0.33651,5,0.2109,0.0,no_scalebar
casent0485542,Technomyrmex,data/images/Technomyrmex/casent0485542_p.jpg,0.3103,0.29299,1,0.2903,0.0,
casent0101430,Camponotus,data/images/Camponotus/casent0101430_p.jpg,0.3048,0.34018,7,0.05491,0.10987,
casent0101219,Cardiocondyla,data/images/Cardiocondyla/casent0101219_p.jpg,0.3044,0.38323,1,0.28436,0.0,
casent0002219,Royidris,data/images/Royidris/casent0002219_p.jpg,0.2938,0.26107,1,0.27381,0.0,
casent0005508,Strumigenys,data/images/Strumigenys/casent0005508_p.jpg,0.2929,0.21166,3,0.23287,0.0,no_scalebar
casent0002259,Royidris,data/images/Royidris/casent0002259_p.jpg,0.2928,0.22736,1,0.27281,0.0,
casent0173584,Monomorium,data/images/Monomorium/casent0173584_p.jpg,0.2872,0.27907,2,0.24723,0.0,
casent0077935,Royidris,data/images/Royidris/casent0077935_p.jpg,0.2846,0.28943,1,0.26459,0.0,
casent0101750,Crematogaster,data/images/Crematogaster/casent0101750_p.jpg,0.2807,0.4424,2,0.24066,0.0,
casent0209055,Camponotus,data/images/Camponotus/casent0209055_p.jpg,0.2803,0.25896,2,0.2403,0.0,
casent0076204,Monomorium,data/images/Monomorium/casent0076204_p.jpg,0.2802,0.19182,1,0.26019,0.0,
casent0101209,Cardiocondyla,data/images/Cardiocondyla/casent0101209_p.jpg,0.2769,0.44373,2,0.23689,0.0,
