genus,view,caste,n_images,n_train,n_test
Anochetus,p,worker,29,23,6
Aphaenogaster,p,worker,27,22,5
Bothroponera,p,worker,27,22,5
Camponotus,d,worker,1,0,1
Camponotus,p,worker,237,190,47
Cardiocondyla,p,worker,13,10,3
Cataulacus,p,worker,29,23,6
Crematogaster,d,worker,1,1,0
Crematogaster,p,worker,81,65,16
Hypoponera,p,worker,23,18,5
Leptogenys,p,worker,38,30,8
Lioponera,p,worker,14,11,3
Meranoplus,p,worker,14,11,3
Monomorium,p,worker,37,30,7
Mystrium,p,worker,44,35,9
Nesomyrmex,p,worker,17,14,3
Nylanderia,p,worker,20,16,4
Odontomachus,p,worker,14,11,3
Pachycondyla,p,worker,13,10,3
Pheidole,d,worker,1,0,1
Pheidole,p,worker,77,62,15
Platythyrea,p,worker,18,14,4
Royidris,p,worker,10,8,2
Strumigenys,p,worker,223,178,45
Syllophopsis,d,worker,1,1,0
Syllophopsis,p,worker,13,10,3
Tapinoma,p,worker,15,12,3
Technomyrmex,p,worker,35,28,7
Terataner,p,worker,16,13,3
Tetramorium,p,worker,105,84,21
Tetraponera,p,worker,43,34,9
