version,subset,scheme,genus,n,recall
original,all,A_deployed_probe,Anochetus,6,1.0
original,all,A_deployed_probe,Aphaenogaster,3,0.6667
original,all,A_deployed_probe,Bothroponera,5,1.0
original,all,A_deployed_probe,Camponotus,47,0.9362
original,all,A_deployed_probe,Cardiocondyla,3,1.0
original,all,A_deployed_probe,Cataulacus,6,0.8333
original,all,A_deployed_probe,Crematogaster,16,0.9375
original,all,A_deployed_probe,Hypoponera,5,1.0
original,all,A_deployed_probe,Leptogenys,8,1.0
original,all,A_deployed_probe,Lioponera,3,1.0
original,all,A_deployed_probe,Meranoplus,3,1.0
original,all,A_deployed_probe,Monomorium,7,1.0
original,all,A_deployed_probe,Mystrium,8,1.0
original,all,A_deployed_probe,Nesomyrmex,3,0.6667
original,all,A_deployed_probe,Nylanderia,4,1.0
original,all,A_deployed_probe,Odontomachus,2,1.0
original,all,A_deployed_probe,Pachycondyla,3,0.6667
original,all,A_deployed_probe,Pheidole,16,0.9375
original,all,A_deployed_probe,Platythyrea,4,1.0
original,all,A_deployed_probe,Royidris,2,0.5
original,all,A_deployed_probe,Strumigenys,45,1.0
original,all,A_deployed_probe,Syllophopsis,3,0.3333
original,all,A_deployed_probe,Tapinoma,3,1.0
original,all,A_deployed_probe,Technomyrmex,7,0.8571
original,all,A_deployed_probe,Terataner,3,1.0
original,all,A_deployed_probe,Tetramorium,21,0.8571
original,all,A_deployed_probe,Tetraponera,9,0.7778
original,all,B_retrained_cv,Anochetus,29,0.9655
original,all,B_retrained_cv,Aphaenogaster,22,0.9091
original,all,B_retrained_cv,Bothroponera,27,0.8519
original,all,B_retrained_cv,Camponotus,235,0.9617
original,all,B_retrained_cv,Cardiocondyla,13,0.9231
original,all,B_retrained_cv,Cataulacus,28,0.9643
original,all,B_retrained_cv,Crematogaster,81,0.8642
original,all,B_retrained_cv,Hypoponera,23,1.0
original,all,B_retrained_cv,Leptogenys,38,0.9211
original,all,B_retrained_cv,Lioponera,14,1.0
original,all,B_retrained_cv,Meranoplus,13,1.0
original,all,B_retrained_cv,Monomorium,37,0.8649
original,all,B_retrained_cv,Mystrium,43,1.0
original,all,B_retrained_cv,Nesomyrmex,17,0.6471
original,all,B_retrained_cv,Nylanderia,20,1.0
original,all,B_retrained_cv,Odontomachus,12,1.0
original,all,B_retrained_cv,Pachycondyla,12,0.1667
original,all,B_retrained_cv,Pheidole,77,0.9481
original,all,B_retrained_cv,Platythyrea,18,1.0
original,all,B_retrained_cv,Royidris,10,0.8
original,all,B_retrained_cv,Strumigenys,223,0.9865
original,all,B_retrained_cv,Syllophopsis,13,0.8462
original,all,B_retrained_cv,Tapinoma,15,0.9333
original,all,B_retrained_cv,Technomyrmex,35,0.7714
original,all,B_retrained_cv,Terataner,16,1.0
original,all,B_retrained_cv,Tetramorium,105,0.8762
original,all,B_retrained_cv,Tetraponera,43,0.9535
ant_grey,all,A_deployed_probe,Anochetus,6,1.0
ant_grey,all,A_deployed_probe,Aphaenogaster,3,0.6667
ant_grey,all,A_deployed_probe,Bothroponera,5,0.2
ant_grey,all,A_deployed_probe,Camponotus,47,0.8511
ant_grey,all,A_deployed_probe,Cardiocondyla,3,0.6667
ant_grey,all,A_deployed_probe,Cataulacus,6,0.8333
ant_grey,all,A_deployed_probe,Crematogaster,16,0.9375
ant_grey,all,A_deployed_probe,Hypoponera,5,1.0
ant_grey,all,A_deployed_probe,Leptogenys,8,0.75
ant_grey,all,A_deployed_probe,Lioponera,3,0.3333
ant_grey,all,A_deployed_probe,Meranoplus,3,1.0
ant_grey,all,A_deployed_probe,Monomorium,7,0.5714
ant_grey,all,A_deployed_probe,Mystrium,8,1.0
ant_grey,all,A_deployed_probe,Nesomyrmex,3,1.0
ant_grey,all,A_deployed_probe,Nylanderia,4,0.5
ant_grey,all,A_deployed_probe,Odontomachus,2,1.0
ant_grey,all,A_deployed_probe,Pachycondyla,3,0.0
ant_grey,all,A_deployed_probe,Pheidole,16,0.625
ant_grey,all,A_deployed_probe,Platythyrea,4,1.0
ant_grey,all,A_deployed_probe,Royidris,2,0.5
ant_grey,all,A_deployed_probe,Strumigenys,45,0.9778
ant_grey,all,A_deployed_probe,Syllophopsis,3,0.3333
ant_grey,all,A_deployed_probe,Tapinoma,3,1.0
ant_grey,all,A_deployed_probe,Technomyrmex,7,0.7143
ant_grey,all,A_deployed_probe,Terataner,3,1.0
ant_grey,all,A_deployed_probe,Tetramorium,21,0.7143
ant_grey,all,A_deployed_probe,Tetraponera,9,0.8889
ant_grey,all,B_retrained_cv,Anochetus,29,0.8966
ant_grey,all,B_retrained_cv,Aphaenogaster,22,0.8182
ant_grey,all,B_retrained_cv,Bothroponera,27,0.7778
ant_grey,all,B_retrained_cv,Camponotus,235,0.9106
ant_grey,all,B_retrained_cv,Cardiocondyla,13,0.8462
ant_grey,all,B_retrained_cv,Cataulacus,28,0.9643
ant_grey,all,B_retrained_cv,Crematogaster,81,0.7901
ant_grey,all,B_retrained_cv,Hypoponera,23,1.0
ant_grey,all,B_retrained_cv,Leptogenys,38,0.8684
ant_grey,all,B_retrained_cv,Lioponera,14,0.9286
ant_grey,all,B_retrained_cv,Meranoplus,13,0.9231
ant_grey,all,B_retrained_cv,Monomorium,37,0.7027
ant_grey,all,B_retrained_cv,Mystrium,43,1.0
ant_grey,all,B_retrained_cv,Nesomyrmex,17,0.4706
ant_grey,all,B_retrained_cv,Nylanderia,20,0.95
ant_grey,all,B_retrained_cv,Odontomachus,12,1.0
ant_grey,all,B_retrained_cv,Pachycondyla,12,0.0833
ant_grey,all,B_retrained_cv,Pheidole,77,0.7403
ant_grey,all,B_retrained_cv,Platythyrea,18,0.9444
ant_grey,all,B_retrained_cv,Royidris,10,0.7
ant_grey,all,B_retrained_cv,Strumigenys,223,0.9552
ant_grey,all,B_retrained_cv,Syllophopsis,13,0.6923
ant_grey,all,B_retrained_cv,Tapinoma,15,0.8
ant_grey,all,B_retrained_cv,Technomyrmex,35,0.6857
ant_grey,all,B_retrained_cv,Terataner,16,1.0
ant_grey,all,B_retrained_cv,Tetramorium,105,0.8381
ant_grey,all,B_retrained_cv,Tetraponera,43,0.8605
ant_erased,all,A_deployed_probe,Anochetus,6,0.0
ant_erased,all,A_deployed_probe,Aphaenogaster,3,0.0
ant_erased,all,A_deployed_probe,Bothroponera,5,0.0
ant_erased,all,A_deployed_probe,Camponotus,47,0.2128
ant_erased,all,A_deployed_probe,Cardiocondyla,3,0.0
ant_erased,all,A_deployed_probe,Cataulacus,6,0.0
ant_erased,all,A_deployed_probe,Crematogaster,16,0.3125
ant_erased,all,A_deployed_probe,Hypoponera,5,0.0
ant_erased,all,A_deployed_probe,Leptogenys,8,0.0
ant_erased,all,A_deployed_probe,Lioponera,3,0.0
ant_erased,all,A_deployed_probe,Meranoplus,3,0.0
ant_erased,all,A_deployed_probe,Monomorium,7,0.0
ant_erased,all,A_deployed_probe,Mystrium,8,0.0
ant_erased,all,A_deployed_probe,Nesomyrmex,3,0.0
ant_erased,all,A_deployed_probe,Nylanderia,4,0.0
ant_erased,all,A_deployed_probe,Odontomachus,2,0.0
ant_erased,all,A_deployed_probe,Pachycondyla,3,0.0
ant_erased,all,A_deployed_probe,Pheidole,16,0.0
ant_erased,all,A_deployed_probe,Platythyrea,4,0.0
ant_erased,all,A_deployed_probe,Royidris,2,0.0
ant_erased,all,A_deployed_probe,Strumigenys,45,0.0
ant_erased,all,A_deployed_probe,Syllophopsis,3,0.0
ant_erased,all,A_deployed_probe,Tapinoma,3,0.3333
ant_erased,all,A_deployed_probe,Technomyrmex,7,0.1429
ant_erased,all,A_deployed_probe,Terataner,3,0.0
ant_erased,all,A_deployed_probe,Tetramorium,21,0.0
ant_erased,all,A_deployed_probe,Tetraponera,9,0.0
ant_erased,all,B_retrained_cv,Anochetus,29,0.0
ant_erased,all,B_retrained_cv,Aphaenogaster,22,0.1818
ant_erased,all,B_retrained_cv,Bothroponera,27,0.5185
ant_erased,all,B_retrained_cv,Camponotus,235,0.1532
ant_erased,all,B_retrained_cv,Cardiocondyla,13,0.0769
ant_erased,all,B_retrained_cv,Cataulacus,28,0.0357
ant_erased,all,B_retrained_cv,Crematogaster,81,0.0123
ant_erased,all,B_retrained_cv,Hypoponera,23,0.4783
ant_erased,all,B_retrained_cv,Leptogenys,38,0.0263
ant_erased,all,B_retrained_cv,Lioponera,14,0.3571
ant_erased,all,B_retrained_cv,Meranoplus,13,0.0769
ant_erased,all,B_retrained_cv,Monomorium,37,0.3243
ant_erased,all,B_retrained_cv,Mystrium,43,0.0
ant_erased,all,B_retrained_cv,Nesomyrmex,17,0.0
ant_erased,all,B_retrained_cv,Nylanderia,20,0.35
ant_erased,all,B_retrained_cv,Odontomachus,12,0.1667
ant_erased,all,B_retrained_cv,Pachycondyla,12,0.1667
ant_erased,all,B_retrained_cv,Pheidole,77,0.1948
ant_erased,all,B_retrained_cv,Platythyrea,18,0.0556
ant_erased,all,B_retrained_cv,Royidris,10,0.1
ant_erased,all,B_retrained_cv,Strumigenys,223,0.8206
ant_erased,all,B_retrained_cv,Syllophopsis,13,0.3077
ant_erased,all,B_retrained_cv,Tapinoma,15,0.0
ant_erased,all,B_retrained_cv,Technomyrmex,35,0.0571
ant_erased,all,B_retrained_cv,Terataner,16,0.1875
ant_erased,all,B_retrained_cv,Tetramorium,105,0.0095
ant_erased,all,B_retrained_cv,Tetraponera,43,0.0
scalebar_erased,all,A_deployed_probe,Anochetus,6,1.0
scalebar_erased,all,A_deployed_probe,Aphaenogaster,3,0.6667
scalebar_erased,all,A_deployed_probe,Bothroponera,5,0.8
scalebar_erased,all,A_deployed_probe,Camponotus,47,0.9362
scalebar_erased,all,A_deployed_probe,Cardiocondyla,3,1.0
scalebar_erased,all,A_deployed_probe,Cataulacus,6,0.8333
scalebar_erased,all,A_deployed_probe,Crematogaster,16,0.9375
scalebar_erased,all,A_deployed_probe,Hypoponera,5,1.0
scalebar_erased,all,A_deployed_probe,Leptogenys,8,1.0
scalebar_erased,all,A_deployed_probe,Lioponera,3,1.0
scalebar_erased,all,A_deployed_probe,Meranoplus,3,1.0
scalebar_erased,all,A_deployed_probe,Monomorium,7,1.0
scalebar_erased,all,A_deployed_probe,Mystrium,8,1.0
scalebar_erased,all,A_deployed_probe,Nesomyrmex,3,0.6667
scalebar_erased,all,A_deployed_probe,Nylanderia,4,1.0
scalebar_erased,all,A_deployed_probe,Odontomachus,2,1.0
scalebar_erased,all,A_deployed_probe,Pachycondyla,3,0.3333
scalebar_erased,all,A_deployed_probe,Pheidole,16,0.9375
scalebar_erased,all,A_deployed_probe,Platythyrea,4,1.0
scalebar_erased,all,A_deployed_probe,Royidris,2,0.5
scalebar_erased,all,A_deployed_probe,Strumigenys,45,1.0
scalebar_erased,all,A_deployed_probe,Syllophopsis,3,0.3333
scalebar_erased,all,A_deployed_probe,Tapinoma,3,1.0
scalebar_erased,all,A_deployed_probe,Technomyrmex,7,0.8571
scalebar_erased,all,A_deployed_probe,Terataner,3,1.0
scalebar_erased,all,A_deployed_probe,Tetramorium,21,0.8095
scalebar_erased,all,A_deployed_probe,Tetraponera,9,0.7778
scalebar_erased,all,B_retrained_cv,Anochetus,29,0.9655
scalebar_erased,all,B_retrained_cv,Aphaenogaster,22,0.9091
scalebar_erased,all,B_retrained_cv,Bothroponera,27,0.7778
scalebar_erased,all,B_retrained_cv,Camponotus,235,0.9574
scalebar_erased,all,B_retrained_cv,Cardiocondyla,13,0.9231
scalebar_erased,all,B_retrained_cv,Cataulacus,28,0.9643
scalebar_erased,all,B_retrained_cv,Crematogaster,81,0.8642
scalebar_erased,all,B_retrained_cv,Hypoponera,23,1.0
scalebar_erased,all,B_retrained_cv,Leptogenys,38,0.9211
scalebar_erased,all,B_retrained_cv,Lioponera,14,1.0
scalebar_erased,all,B_retrained_cv,Meranoplus,13,1.0
scalebar_erased,all,B_retrained_cv,Monomorium,37,0.8378
scalebar_erased,all,B_retrained_cv,Mystrium,43,1.0
scalebar_erased,all,B_retrained_cv,Nesomyrmex,17,0.7059
scalebar_erased,all,B_retrained_cv,Nylanderia,20,1.0
scalebar_erased,all,B_retrained_cv,Odontomachus,12,1.0
scalebar_erased,all,B_retrained_cv,Pachycondyla,12,0.25
scalebar_erased,all,B_retrained_cv,Pheidole,77,0.9351
scalebar_erased,all,B_retrained_cv,Platythyrea,18,1.0
scalebar_erased,all,B_retrained_cv,Royidris,10,0.8
scalebar_erased,all,B_retrained_cv,Strumigenys,223,0.9776
scalebar_erased,all,B_retrained_cv,Syllophopsis,13,0.8462
scalebar_erased,all,B_retrained_cv,Tapinoma,15,0.9333
scalebar_erased,all,B_retrained_cv,Technomyrmex,35,0.8
scalebar_erased,all,B_retrained_cv,Terataner,16,1.0
scalebar_erased,all,B_retrained_cv,Tetramorium,105,0.8476
scalebar_erased,all,B_retrained_cv,Tetraponera,43,0.9302
original,clean,A_deployed_probe,Anochetus,6,1.0
original,clean,A_deployed_probe,Aphaenogaster,2,0.5
original,clean,A_deployed_probe,Bothroponera,5,1.0
original,clean,A_deployed_probe,Camponotus,42,0.9524
original,clean,A_deployed_probe,Cardiocondyla,3,1.0
original,clean,A_deployed_probe,Cataulacus,6,0.8333
original,clean,A_deployed_probe,Crematogaster,16,0.9375
original,clean,A_deployed_probe,Hypoponera,5,1.0
original,clean,A_deployed_probe,Leptogenys,8,1.0
original,clean,A_deployed_probe,Lioponera,3,1.0
original,clean,A_deployed_probe,Meranoplus,3,1.0
original,clean,A_deployed_probe,Monomorium,7,1.0
original,clean,A_deployed_probe,Mystrium,8,1.0
original,clean,A_deployed_probe,Nesomyrmex,3,0.6667
original,clean,A_deployed_probe,Nylanderia,4,1.0
original,clean,A_deployed_probe,Odontomachus,2,1.0
original,clean,A_deployed_probe,Pachycondyla,2,0.5
original,clean,A_deployed_probe,Pheidole,14,0.9286
original,clean,A_deployed_probe,Platythyrea,4,1.0
original,clean,A_deployed_probe,Royidris,2,0.5
original,clean,A_deployed_probe,Strumigenys,45,1.0
original,clean,A_deployed_probe,Syllophopsis,3,0.3333
original,clean,A_deployed_probe,Tapinoma,3,1.0
original,clean,A_deployed_probe,Technomyrmex,7,0.8571
original,clean,A_deployed_probe,Terataner,3,1.0
original,clean,A_deployed_probe,Tetramorium,21,0.8571
original,clean,A_deployed_probe,Tetraponera,9,0.7778
original,clean,B_retrained_cv,Anochetus,29,0.9655
original,clean,B_retrained_cv,Aphaenogaster,19,0.8947
original,clean,B_retrained_cv,Bothroponera,27,0.8148
original,clean,B_retrained_cv,Camponotus,219,0.9589
original,clean,B_retrained_cv,Cardiocondyla,12,1.0
original,clean,B_retrained_cv,Cataulacus,28,0.9643
original,clean,B_retrained_cv,Crematogaster,79,0.8608
original,clean,B_retrained_cv,Hypoponera,23,0.9565
original,clean,B_retrained_cv,Leptogenys,37,0.8919
original,clean,B_retrained_cv,Lioponera,14,1.0
original,clean,B_retrained_cv,Meranoplus,13,1.0
original,clean,B_retrained_cv,Monomorium,37,0.8378
original,clean,B_retrained_cv,Mystrium,43,1.0
original,clean,B_retrained_cv,Nesomyrmex,17,0.5882
original,clean,B_retrained_cv,Nylanderia,19,1.0
original,clean,B_retrained_cv,Odontomachus,10,1.0
original,clean,B_retrained_cv,Pachycondyla,11,0.4545
original,clean,B_retrained_cv,Pheidole,74,0.9459
original,clean,B_retrained_cv,Platythyrea,17,1.0
original,clean,B_retrained_cv,Royidris,10,0.7
original,clean,B_retrained_cv,Strumigenys,223,0.9821
original,clean,B_retrained_cv,Syllophopsis,12,0.9167
original,clean,B_retrained_cv,Tapinoma,15,0.8667
original,clean,B_retrained_cv,Technomyrmex,35,0.7714
original,clean,B_retrained_cv,Terataner,16,1.0
original,clean,B_retrained_cv,Tetramorium,102,0.8333
original,clean,B_retrained_cv,Tetraponera,43,0.9302
ant_grey,clean,A_deployed_probe,Anochetus,6,1.0
ant_grey,clean,A_deployed_probe,Aphaenogaster,2,0.5
ant_grey,clean,A_deployed_probe,Bothroponera,5,0.2
ant_grey,clean,A_deployed_probe,Camponotus,42,0.881
ant_grey,clean,A_deployed_probe,Cardiocondyla,3,0.6667
ant_grey,clean,A_deployed_probe,Cataulacus,6,0.8333
ant_grey,clean,A_deployed_probe,Crematogaster,16,0.9375
ant_grey,clean,A_deployed_probe,Hypoponera,5,1.0
ant_grey,clean,A_deployed_probe,Leptogenys,8,0.75
ant_grey,clean,A_deployed_probe,Lioponera,3,0.3333
ant_grey,clean,A_deployed_probe,Meranoplus,3,1.0
ant_grey,clean,A_deployed_probe,Monomorium,7,0.5714
ant_grey,clean,A_deployed_probe,Mystrium,8,1.0
ant_grey,clean,A_deployed_probe,Nesomyrmex,3,1.0
ant_grey,clean,A_deployed_probe,Nylanderia,4,0.5
ant_grey,clean,A_deployed_probe,Odontomachus,2,1.0
ant_grey,clean,A_deployed_probe,Pachycondyla,2,0.0
ant_grey,clean,A_deployed_probe,Pheidole,14,0.7143
ant_grey,clean,A_deployed_probe,Platythyrea,4,1.0
ant_grey,clean,A_deployed_probe,Royidris,2,0.5
ant_grey,clean,A_deployed_probe,Strumigenys,45,0.9778
ant_grey,clean,A_deployed_probe,Syllophopsis,3,0.3333
ant_grey,clean,A_deployed_probe,Tapinoma,3,1.0
ant_grey,clean,A_deployed_probe,Technomyrmex,7,0.7143
ant_grey,clean,A_deployed_probe,Terataner,3,1.0
ant_grey,clean,A_deployed_probe,Tetramorium,21,0.7143
ant_grey,clean,A_deployed_probe,Tetraponera,9,0.8889
ant_grey,clean,B_retrained_cv,Anochetus,29,0.8966
ant_grey,clean,B_retrained_cv,Aphaenogaster,19,0.8421
ant_grey,clean,B_retrained_cv,Bothroponera,27,0.7407
ant_grey,clean,B_retrained_cv,Camponotus,219,0.9132
ant_grey,clean,B_retrained_cv,Cardiocondyla,12,0.9167
ant_grey,clean,B_retrained_cv,Cataulacus,28,0.9643
ant_grey,clean,B_retrained_cv,Crematogaster,79,0.8228
ant_grey,clean,B_retrained_cv,Hypoponera,23,1.0
ant_grey,clean,B_retrained_cv,Leptogenys,37,0.8649
ant_grey,clean,B_retrained_cv,Lioponera,14,1.0
ant_grey,clean,B_retrained_cv,Meranoplus,13,0.9231
ant_grey,clean,B_retrained_cv,Monomorium,37,0.7568
ant_grey,clean,B_retrained_cv,Mystrium,43,1.0
ant_grey,clean,B_retrained_cv,Nesomyrmex,17,0.4706
ant_grey,clean,B_retrained_cv,Nylanderia,19,0.9474
ant_grey,clean,B_retrained_cv,Odontomachus,10,1.0
ant_grey,clean,B_retrained_cv,Pachycondyla,11,0.2727
ant_grey,clean,B_retrained_cv,Pheidole,74,0.7568
ant_grey,clean,B_retrained_cv,Platythyrea,17,0.8824
ant_grey,clean,B_retrained_cv,Royidris,10,0.7
ant_grey,clean,B_retrained_cv,Strumigenys,223,0.9552
ant_grey,clean,B_retrained_cv,Syllophopsis,12,0.75
ant_grey,clean,B_retrained_cv,Tapinoma,15,0.8
ant_grey,clean,B_retrained_cv,Technomyrmex,35,0.6857
ant_grey,clean,B_retrained_cv,Terataner,16,1.0
ant_grey,clean,B_retrained_cv,Tetramorium,102,0.7941
ant_grey,clean,B_retrained_cv,Tetraponera,43,0.8605
ant_erased,clean,A_deployed_probe,Anochetus,6,0.0
ant_erased,clean,A_deployed_probe,Aphaenogaster,2,0.0
ant_erased,clean,A_deployed_probe,Bothroponera,5,0.0
ant_erased,clean,A_deployed_probe,Camponotus,42,0.1905
ant_erased,clean,A_deployed_probe,Cardiocondyla,3,0.0
ant_erased,clean,A_deployed_probe,Cataulacus,6,0.0
ant_erased,clean,A_deployed_probe,Crematogaster,16,0.3125
ant_erased,clean,A_deployed_probe,Hypoponera,5,0.0
ant_erased,clean,A_deployed_probe,Leptogenys,8,0.0
ant_erased,clean,A_deployed_probe,Lioponera,3,0.0
ant_erased,clean,A_deployed_probe,Meranoplus,3,0.0
ant_erased,clean,A_deployed_probe,Monomorium,7,0.0
ant_erased,clean,A_deployed_probe,Mystrium,8,0.0
ant_erased,clean,A_deployed_probe,Nesomyrmex,3,0.0
ant_erased,clean,A_deployed_probe,Nylanderia,4,0.0
ant_erased,clean,A_deployed_probe,Odontomachus,2,0.0
ant_erased,clean,A_deployed_probe,Pachycondyla,2,0.0
ant_erased,clean,A_deployed_probe,Pheidole,14,0.0
ant_erased,clean,A_deployed_probe,Platythyrea,4,0.0
ant_erased,clean,A_deployed_probe,Royidris,2,0.0
ant_erased,clean,A_deployed_probe,Strumigenys,45,0.0
ant_erased,clean,A_deployed_probe,Syllophopsis,3,0.0
ant_erased,clean,A_deployed_probe,Tapinoma,3,0.3333
ant_erased,clean,A_deployed_probe,Technomyrmex,7,0.1429
ant_erased,clean,A_deployed_probe,Terataner,3,0.0
ant_erased,clean,A_deployed_probe,Tetramorium,21,0.0
ant_erased,clean,A_deployed_probe,Tetraponera,9,0.0
ant_erased,clean,B_retrained_cv,Anochetus,29,0.0
ant_erased,clean,B_retrained_cv,Aphaenogaster,19,0.1053
ant_erased,clean,B_retrained_cv,Bothroponera,27,0.4815
ant_erased,clean,B_retrained_cv,Camponotus,219,0.1187
ant_erased,clean,B_retrained_cv,Cardiocondyla,12,0.0833
ant_erased,clean,B_retrained_cv,Cataulacus,28,0.0714
ant_erased,clean,B_retrained_cv,Crematogaster,79,0.0
ant_erased,clean,B_retrained_cv,Hypoponera,23,0.4783
ant_erased,clean,B_retrained_cv,Leptogenys,37,0.027
ant_erased,clean,B_retrained_cv,Lioponera,14,0.3571
ant_erased,clean,B_retrained_cv,Meranoplus,13,0.1538
ant_erased,clean,B_retrained_cv,Monomorium,37,0.2162
ant_erased,clean,B_retrained_cv,Mystrium,43,0.0
ant_erased,clean,B_retrained_cv,Nesomyrmex,17,0.0
ant_erased,clean,B_retrained_cv,Nylanderia,19,0.3684
ant_erased,clean,B_retrained_cv,Odontomachus,10,0.4
ant_erased,clean,B_retrained_cv,Pachycondyla,11,0.3636
ant_erased,clean,B_retrained_cv,Pheidole,74,0.0676
ant_erased,clean,B_retrained_cv,Platythyrea,17,0.0
ant_erased,clean,B_retrained_cv,Royidris,10,0.1
ant_erased,clean,B_retrained_cv,Strumigenys,223,0.8341
ant_erased,clean,B_retrained_cv,Syllophopsis,12,0.25
ant_erased,clean,B_retrained_cv,Tapinoma,15,0.0
ant_erased,clean,B_retrained_cv,Technomyrmex,35,0.0
ant_erased,clean,B_retrained_cv,Terataner,16,0.125
ant_erased,clean,B_retrained_cv,Tetramorium,102,0.0196
ant_erased,clean,B_retrained_cv,Tetraponera,43,0.0
scalebar_erased,clean,A_deployed_probe,Anochetus,6,1.0
scalebar_erased,clean,A_deployed_probe,Aphaenogaster,2,0.5
scalebar_erased,clean,A_deployed_probe,Bothroponera,5,0.8
scalebar_erased,clean,A_deployed_probe,Camponotus,42,0.9524
scalebar_erased,clean,A_deployed_probe,Cardiocondyla,3,1.0
scalebar_erased,clean,A_deployed_probe,Cataulacus,6,0.8333
scalebar_erased,clean,A_deployed_probe,Crematogaster,16,0.9375
scalebar_erased,clean,A_deployed_probe,Hypoponera,5,1.0
scalebar_erased,clean,A_deployed_probe,Leptogenys,8,1.0
scalebar_erased,clean,A_deployed_probe,Lioponera,3,1.0
scalebar_erased,clean,A_deployed_probe,Meranoplus,3,1.0
scalebar_erased,clean,A_deployed_probe,Monomorium,7,1.0
scalebar_erased,clean,A_deployed_probe,Mystrium,8,1.0
scalebar_erased,clean,A_deployed_probe,Nesomyrmex,3,0.6667
scalebar_erased,clean,A_deployed_probe,Nylanderia,4,1.0
scalebar_erased,clean,A_deployed_probe,Odontomachus,2,1.0
scalebar_erased,clean,A_deployed_probe,Pachycondyla,2,0.0
scalebar_erased,clean,A_deployed_probe,Pheidole,14,0.9286
scalebar_erased,clean,A_deployed_probe,Platythyrea,4,1.0
scalebar_erased,clean,A_deployed_probe,Royidris,2,0.5
scalebar_erased,clean,A_deployed_probe,Strumigenys,45,1.0
scalebar_erased,clean,A_deployed_probe,Syllophopsis,3,0.3333
scalebar_erased,clean,A_deployed_probe,Tapinoma,3,1.0
scalebar_erased,clean,A_deployed_probe,Technomyrmex,7,0.8571
scalebar_erased,clean,A_deployed_probe,Terataner,3,1.0
scalebar_erased,clean,A_deployed_probe,Tetramorium,21,0.8095
scalebar_erased,clean,A_deployed_probe,Tetraponera,9,0.7778
scalebar_erased,clean,B_retrained_cv,Anochetus,29,0.9655
scalebar_erased,clean,B_retrained_cv,Aphaenogaster,19,0.8947
scalebar_erased,clean,B_retrained_cv,Bothroponera,27,0.8519
scalebar_erased,clean,B_retrained_cv,Camponotus,219,0.9635
scalebar_erased,clean,B_retrained_cv,Cardiocondyla,12,1.0
scalebar_erased,clean,B_retrained_cv,Cataulacus,28,0.9643
scalebar_erased,clean,B_retrained_cv,Crematogaster,79,0.8608
scalebar_erased,clean,B_retrained_cv,Hypoponera,23,0.9565
scalebar_erased,clean,B_retrained_cv,Leptogenys,37,0.9189
scalebar_erased,clean,B_retrained_cv,Lioponera,14,1.0
scalebar_erased,clean,B_retrained_cv,Meranoplus,13,1.0
scalebar_erased,clean,B_retrained_cv,Monomorium,37,0.8378
scalebar_erased,clean,B_retrained_cv,Mystrium,43,1.0
scalebar_erased,clean,B_retrained_cv,Nesomyrmex,17,0.6471
scalebar_erased,clean,B_retrained_cv,Nylanderia,19,1.0
scalebar_erased,clean,B_retrained_cv,Odontomachus,10,1.0
scalebar_erased,clean,B_retrained_cv,Pachycondyla,11,0.3636
scalebar_erased,clean,B_retrained_cv,Pheidole,74,0.9459
scalebar_erased,clean,B_retrained_cv,Platythyrea,17,1.0
scalebar_erased,clean,B_retrained_cv,Royidris,10,0.7
scalebar_erased,clean,B_retrained_cv,Strumigenys,223,0.9776
scalebar_erased,clean,B_retrained_cv,Syllophopsis,12,0.9167
scalebar_erased,clean,B_retrained_cv,Tapinoma,15,0.9333
scalebar_erased,clean,B_retrained_cv,Technomyrmex,35,0.7714
scalebar_erased,clean,B_retrained_cv,Terataner,16,1.0
scalebar_erased,clean,B_retrained_cv,Tetramorium,102,0.8529
scalebar_erased,clean,B_retrained_cv,Tetraponera,43,0.9302
