k,genus,specimen_code,kind,tier,candidate,area,accepted,test,value,threshold,op,rel_distance,decisive
25,Tapinoma,casent0016783,card,white,0,760,True,radius,8.0,8.0,>=,0.0,True
25,Tapinoma,casent0016783,card,white,0,760,True,area,760.0,758.784,>=,0.0016025641025641134,True
14,Monomorium,casent0173547,card,white,20,1646,True,solidity,0.4553250345781466,0.45,>=,0.011833410173659093,True
13,Meranoplus,casent0101230,card,cream,8,11825,False,solidity,0.5908954627223666,0.6,>=,0.015174228796055641,True
4,Camponotus,casent0101390,pin,,7,25248,True,straight,0.923281051964512,0.9,>=,0.02586783551612447,True
22,Royidris,casent0077935,card,white,12,28988,False,solidity,0.43582457564686605,0.45,>=,0.03150094300696435,True
16,Nesomyrmex,casent0189276,card,white,5,21620,False,solidity,0.4322098276758226,0.45,>=,0.03953371627594978,True
19,Pachycondyla,casent0840847,card,white,15,1162,True,edge,52.0,50.0,>=,0.04,True
10,Hypoponera,casent0101023,card,cream,3,7661,False,solidity,0.5640138408304498,0.6,>=,0.05997693194925029,True
5,Camponotus,casent0104638,card,white,7,1055,False,edge,47.0,50.0,>=,0.06,True
14,Monomorium,casent0173547,card,white,24,1476,True,edge,53.0,50.0,>=,0.06,True
2,Aphaenogaster,casent0102039,card,white,0,1127,False,radius,7.0710678118654755,7.5234375,>=,0.06012805823594926,True
11,Leptogenys,casent0102413,card,white,2,3061,False,edge,43.0,46.337890625,>=,0.07203371970495258,True
26,Technomyrmex,casent0101932,card,cream,6,21607,True,solidity,0.6445233265720081,0.6,>=,0.07420554428668014,True
25,Tapinoma,casent0016783,card,white,0,760,True,edge,54.0,50.0,>=,0.08,True
5,Camponotus,casent0104638,card,cream,0,9576,False,area,9576.0,10485.76,>=,0.08676147460937501,True
14,Monomorium,casent0173547,card,white,24,1476,True,solidity,0.48938992042440316,0.45,>=,0.08753315649867366,True
17,Nylanderia,casent0101887,card,white,9,91279,True,background,0.163391557496361,0.15,>=,0.08927704997574004,True
20,Pheidole,casent0101324,card,white,9,773,False,radius,7.280109889280518,8.0,>=,0.08998626383993524,True
25,Tapinoma,casent0016783,card,white,6,1580,False,radius,7.211102550927978,8.0,>=,0.09861218113400272,True
12,Lioponera,casent0101980,card,white,31,394,False,radius,8.0,8.0,>=,0.0,False
19,Pachycondyla,casent0840847,card,white,13,493,False,radius,8.0,8.0,>=,0.0,False
19,Pachycondyla,casent0840847,card,white,14,564,False,edge,50.0,50.0,>=,0.0,False
20,Pheidole,casent0101324,card,white,9,773,False,edge,50.0,50.0,>=,0.0,False
22,Royidris,casent0077935,card,cream,1,3470,False,radius,18.0,18.0,>=,0.0,False
27,Technomyrmex,casent0104343,pin,,13,2328,False,chroma,25.0,25.0,<=,0.0,False
27,Technomyrmex,casent0104343,pin,,14,657,False,chroma,25.0,25.0,<=,0.0,False
15,Mystrium,casent0003308,card,cream,11,1611,False,solidity,0.5997766195085629,0.6,>=,0.0003723008190618475,False
6,Cardiocondyla,casent0101219,pin,,17,9243,False,lum,130.185,130.0,<=,0.0014230769230769405,False
10,Hypoponera,casent0101023,pin,,19,10376,False,lum,129.81349999999998,130.0,<=,0.0014346153846155666,False
17,Nylanderia,casent0101887,pin,,17,3613,False,lum,130.198,130.0,<=,0.001523076923076981,False
30,Tetraponera,casent0409559,card,white,0,443,False,background,0.14965986394557823,0.15,>=,0.0022675736961450905,False
1,Anochetus,casent0102932,pin,,29,4027,False,straight,0.8976905885274398,0.9,>=,0.002566012747289169,False
5,Camponotus,casent0104638,card,cream,21,377,False,solidity,0.5984126984126984,0.6,>=,0.0026455026455026362,False
5,Camponotus,casent0104638,pin,,27,3159,False,straight,0.9031339031339032,0.9,>=,0.003482114593225733,False
11,Leptogenys,casent0102413,pin,,5,5571,False,even_width,0.25096741766542785,0.25,<=,0.0038696706617113996,False
26,Technomyrmex,casent0101932,pin,,8,512,False,elongation,2.9881424423718155,3.0,>=,0.003952519209394841,False
5,Camponotus,casent0104638,pin,,27,3159,False,length,99.58277163034158,100.0,>=,0.004172283696584174,False
15,Mystrium,casent0003308,card,cream,5,595,False,solidity,0.5973895582329317,0.6,>=,0.004350736278447102,False
4,Camponotus,casent0101390,pin,,5,5144,False,straight,0.9041601866251944,0.9,>=,0.004622429583549278,False
27,Technomyrmex,casent0104343,pin,,13,2328,False,length,99.5316418776349,100.0,>=,0.004683581223651032,False
16,Nesomyrmex,casent0189276,card,cream,23,4333,False,solidity,0.5971609702315325,0.6,>=,0.004731716280779175,False
10,Hypoponera,casent0101023,pin,,21,3125,False,elongation,2.984994010810646,3.0,>=,0.0050019963964513066,False
2,Aphaenogaster,casent0102039,pin,,10,5431,False,straight,0.904621616645185,0.9,>=,0.005135129605761124,False
20,Pheidole,casent0101324,card,cream,20,590,False,solidity,0.6032719836400818,0.6,>=,0.0054533060668030915,False
17,Nylanderia,casent0101887,pin,,19,3197,False,length,99.43802620957675,100.0,>=,0.005619737904232523,False
28,Terataner,casent0102049,pin,,9,1032,False,lum,129.24099999999999,130.0,<=,0.005838461538461651,False
7,Cataulacus,casent0101241,pin,,10,4491,False,straight,0.8946782453796482,0.9,>=,0.005913060689279758,False
28,Terataner,casent0102049,pin,,5,1344,False,lum,129.22549999999998,130.0,<=,0.005957692307692442,False
12,Lioponera,casent0101980,card,cream,25,393,False,solidity,0.5963581183611533,0.6,>=,0.006069802731411186,False
5,Camponotus,casent0104638,card,white,7,1055,False,area,1055.0,1048.576,>=,0.006126403808593729,False
1,Anochetus,casent0102932,pin,,25,2007,False,straight,0.8943697060288989,0.9,>=,0.006255882190112391,False
11,Leptogenys,casent0102413,pin,,5,5571,False,elongation,2.9807933473832,3.0,>=,0.006402217538933404,False
25,Tapinoma,casent0016783,pin,,17,2862,False,length,99.32286955916103,100.0,>=,0.006771304408389653,False
12,Lioponera,casent0101980,pin,,38,890,False,elongation,3.0209632880650394,3.0,>=,0.006987762688346481,False
13,Meranoplus,casent0101230,pin,,15,2679,False,straight,0.9063083240014931,0.9,>=,0.007009248890547844,False
24,Syllophopsis,casent0172919,card,cream,5,1206,False,solidity,0.6045112781954888,0.6,>=,0.007518796992481333,False
17,Nylanderia,casent0101887,pin,,18,794,False,even_width,0.2518997775751039,0.25,<=,0.007599110300415601,False
8,Cataulacus,casent0101245,pin,,3,365,False,straight,0.9068493150684932,0.9,>=,0.007610350076103531,False
12,Lioponera,casent0101980,card,white,4,1103,False,radius,8.06225774829855,8.0,>=,0.0077822185373186414,False
25,Tapinoma,casent0016783,card,white,10,437,False,radius,8.06225774829855,8.0,>=,0.0077822185373186414,False
20,Pheidole,casent0101324,pin,,37,2252,False,elongation,3.024169411200726,3.0,>=,0.008056470400242008,False
24,Syllophopsis,casent0172919,pin,,28,1141,False,even_width,0.252175483972839,0.25,<=,0.008701935891356039,False
13,Meranoplus,casent0101230,pin,,16,2303,False,straight,0.8918801563178463,0.9,>=,0.009022048535726314,False
23,Strumigenys,casent0005581,card,cream,39,396,False,solidity,0.6055045871559633,0.6,>=,0.009174311926605599,False
17,Nylanderia,casent0101887,pin,,18,794,False,elongation,3.0284446391805466,3.0,>=,0.009481546393515542,False
14,Monomorium,casent0173547,pin,,30,1375,False,lum,131.234,130.0,<=,0.00949230769230776,False
23,Strumigenys,casent0005581,pin,,44,311,False,even_width,0.24754655496491965,0.25,<=,0.009813780140321415,False
18,Odontomachus,casent0499525,pin,,15,5376,False,straight,0.9088541666666666,0.9,>=,0.009837962962962897,False
23,Strumigenys,casent0005581,card,cream,18,23980,False,radius,17.804493814764857,18.0,>=,0.010861454735285707,False
30,Tetraponera,casent0409559,card,cream,28,289,False,solidity,0.5934291581108829,0.6,>=,0.01095140314852842,False
20,Pheidole,casent0101324,pin,,38,1245,False,straight,0.9100401606425703,0.9,>=,0.011155734047300327,False
12,Lioponera,casent0101980,card,cream,26,2375,False,solidity,0.5928607089365951,0.6,>=,0.011898818439008049,False
18,Odontomachus,casent0499525,pin,,18,2365,False,straight,0.8892177589852008,0.9,>=,0.01198026779422132,False
23,Strumigenys,casent0005581,pin,,53,720,False,straight,0.8888888888888888,0.9,>=,0.012345679012345758,False
29,Tetramorium,casent0102347,pin,,14,17468,False,lum,128.328,130.0,<=,0.012861538461538438,False
1,Anochetus,casent0102932,card,cream,20,1362,False,solidity,0.5919165580182529,0.6,>=,0.013472403302911736,False
24,Syllophopsis,casent0172919,card,cream,10,2125,False,solidity,0.608359576295448,0.6,>=,0.013932627159080058,False
12,Lioponera,casent0101980,card,cream,19,863,False,solidity,0.5915010281014393,0.6,>=,0.014164953164267729,False
12,Lioponera,casent0101980,card,cream,22,1508,False,edge,71.0,70.0,>=,0.014285714285714285,False
19,Pachycondyla,casent0840847,card,cream,9,563,False,edge,69.0,70.0,>=,0.014285714285714285,False
2,Aphaenogaster,casent0102039,pin,,5,40547,False,straight,0.8867733741090587,0.9,>=,0.014696250989934854,False
27,Technomyrmex,casent0104343,pin,,10,449,False,lum,131.942,130.0,<=,0.014938461538461595,False
22,Royidris,casent0077935,pin,,18,9907,False,lum,131.946,130.0,<=,0.014969230769230754,False
4,Camponotus,casent0101390,pin,,6,7847,False,lum,128.034,130.0,<=,0.015123076923076986,False
20,Pheidole,casent0101324,pin,,38,1245,False,even_width,0.24607647839237518,0.25,<=,0.0156940864304993,False
23,Strumigenys,casent0005581,pin,,52,2272,False,lum,132.043,130.0,<=,0.015715384615384666,False
1,Anochetus,casent0102932,pin,,27,1033,False,lum,127.89399999999999,130.0,<=,0.01620000000000007,False
17,Nylanderia,casent0101887,pin,,23,1539,False,even_width,0.25416860709635364,0.25,<=,0.016674428385414553,False
16,Nesomyrmex,casent0189276,card,cream,6,679,False,solidity,0.610062893081761,0.6,>=,0.016771488469601675,False
25,Tapinoma,casent0016783,pin,,21,626,False,straight,0.9153354632587859,0.9,>=,0.017039403620873195,False
7,Cataulacus,casent0101241,pin,,10,4491,False,length,101.74342932196845,100.0,>=,0.017434293219684493,False
1,Anochetus,casent0102932,card,cream,1,442,False,solidity,0.6104972375690608,0.6,>=,0.017495395948434744,False
13,Meranoplus,casent0101230,pin,,16,2303,False,length,98.22857603120161,100.0,>=,0.017714239687983878,False
21,Platythyrea,casent0102009,pin,,3,1240,False,straight,0.9169354838709678,0.9,>=,0.0188172043010753,False
28,Terataner,casent0102049,pin,,10,397,False,elongation,3.056541385477877,3.0,>=,0.018847128492625636,False
26,Technomyrmex,casent0101932,pin,,10,9094,False,elongation,3.0568546804127377,3.0,>=,0.01895156013757922,False
15,Mystrium,casent0003308,pin,,22,1321,False,length,94.18644966208603,92.3828125,>=,0.019523514312643746,False
8,Cataulacus,casent0101245,pin,,1,450,False,straight,0.9177777777777778,0.9,>=,0.01975308641975309,False
5,Camponotus,casent0104638,card,cream,1,6645,False,solidity,0.5881051420479688,0.6,>=,0.019824763253385263,False
20,Pheidole,casent0101324,pin,,29,543,False,straight,0.8821362799263351,0.9,>=,0.019848577859627643,False
17,Nylanderia,casent0101887,card,white,7,1592,False,edge,49.0,50.0,>=,0.02,False
14,Monomorium,casent0173547,pin,,27,15058,False,even_width,0.25519125377880525,0.25,<=,0.020765015115220997,False
26,Technomyrmex,casent0101932,pin,,10,9094,False,straight,0.9187376292060699,0.9,>=,0.02081958800674435,False
10,Hypoponera,casent0101023,pin,,15,12231,False,even_width,0.25526702541512925,0.25,<=,0.02106810166051698,False
1,Anochetus,casent0102932,card,cream,8,2579,False,solidity,0.587337736278752,0.6,>=,0.02110377286874669,False
12,Lioponera,casent0101980,pin,,34,3376,False,length,102.12518011547152,100.0,>=,0.021251801154715224,False
12,Lioponera,casent0101980,card,cream,21,1279,False,solidity,0.5872359963269054,0.6,>=,0.021273339455157674,False
17,Nylanderia,casent0101887,card,cream,3,622,False,solidity,0.6128078817733991,0.6,>=,0.021346469622331814,False
23,Strumigenys,casent0005581,card,cream,7,8682,False,radius,18.384776310850235,18.0,>=,0.021376461713901937,False
13,Meranoplus,casent0101230,pin,,15,2679,False,lum,132.795,130.0,<=,0.021499999999999905,False
21,Platythyrea,casent0102009,pin,,5,397,False,elongation,2.9353088941518886,3.0,>=,0.02156370194937048,False
17,Nylanderia,casent0101887,pin,,18,794,False,lum,127.16199999999999,130.0,<=,0.021830769230769292,False
23,Strumigenys,casent0005581,pin,,45,2581,False,lum,132.908,130.0,<=,0.02236923076923067,False
12,Lioponera,casent0101980,pin,,39,318,False,elongation,2.931607465500673,3.0,>=,0.022797511499775602,False
20,Pheidole,casent0101324,card,cream,23,1059,False,solidity,0.586054233536248,0.6,>=,0.023242944106253348,False
13,Meranoplus,casent0101230,pin,,19,6007,False,lum,126.95199999999998,130.0,<=,0.02344615384615397,False
16,Nesomyrmex,casent0189276,card,cream,4,780,False,solidity,0.6141732283464567,0.6,>=,0.023622047244094557,False
3,Bothroponera,casent0027983,card,white,0,1511,False,radius,7.810249675906654,8.0,>=,0.023718790511668253,False
5,Camponotus,casent0104638,card,white,9,556,False,radius,7.810249675906654,8.0,>=,0.023718790511668253,False
9,Crematogaster,casent0193045,card,white,3,753,False,radius,7.810249675906654,8.0,>=,0.023718790511668253,False
30,Tetraponera,casent0409559,pin,,38,5327,False,lum,133.108,130.0,<=,0.023907692307692338,False
6,Cardiocondyla,casent0101219,card,cream,4,4346,False,radius,18.439088914585774,18.0,>=,0.024393828588098562,False
29,Tetramorium,casent0102347,pin,,11,877,False,straight,0.9224629418472063,0.9,>=,0.024958824274673688,False
20,Pheidole,casent0101324,card,cream,16,2629,False,solidity,0.6151146467009827,0.6,>=,0.02519107783497121,False
23,Strumigenys,casent0005581,pin,,47,71111,False,width,77.977794500847,80.0,<=,0.02527756873941254,False
1,Anochetus,casent0102932,card,cream,0,237,False,solidity,0.6155844155844156,0.6,>=,0.025974025974025983,False
19,Pachycondyla,casent0840847,pin,,18,2441,False,straight,0.9233920524375256,0.9,>=,0.025991169375028468,False
19,Pachycondyla,casent0840847,pin,,17,42555,False,width,82.11396758289321,80.0,<=,0.026424594786165122,False
30,Tetraponera,casent0409559,card,cream,2,2210,False,solidity,0.5835753894903618,0.6,>=,0.027374350849396954,False
12,Lioponera,casent0101980,card,cream,13,11474,False,radius,17.4928556845359,18.0,>=,0.028174684192449975,False
6,Cardiocondyla,casent0101219,card,cream,4,4346,False,edge,68.0,70.0,>=,0.02857142857142857,False
16,Nesomyrmex,casent0189276,card,cream,2,2118,False,edge,68.0,70.0,>=,0.02857142857142857,False
17,Nylanderia,casent0101887,card,cream,5,2112,False,edge,72.0,70.0,>=,0.02857142857142857,False
22,Royidris,casent0077935,card,cream,1,3470,False,edge,68.0,70.0,>=,0.02857142857142857,False
10,Hypoponera,casent0101023,pin,,19,10376,False,straight,0.873650732459522,0.9,>=,0.02927696393386451,False
11,Leptogenys,casent0102413,pin,,13,1372,False,lum,133.844,130.0,<=,0.029569230769230723,False
10,Hypoponera,casent0101023,pin,,16,1284,False,straight,0.926791277258567,0.9,>=,0.029768085842852225,False
12,Lioponera,casent0101980,pin,,34,3376,False,elongation,3.0893223973985484,3.0,>=,0.029774132466182806,False
14,Monomorium,casent0173547,pin,,26,9787,False,lum,133.916,130.0,<=,0.0301230769230769,False
20,Pheidole,casent0101324,card,cream,19,771,False,solidity,0.5818867924528301,0.6,>=,0.03018867924528305,False
15,Mystrium,casent0003308,pin,,19,8091,False,straight,0.9273266592510196,0.9,>=,0.030362954723355137,False
22,Royidris,casent0077935,pin,,17,4605,False,lum,133.965,130.0,<=,0.030500000000000027,False
17,Nylanderia,casent0101887,pin,,19,3197,False,elongation,3.0928749003617364,3.0,>=,0.0309583001205788,False
24,Syllophopsis,casent0172919,pin,,26,1961,False,lum,134.036,130.0,<=,0.031046153846153855,False
23,Strumigenys,casent0005581,pin,,48,307,False,straight,0.9283387622149837,0.9,>=,0.031487513572204064,False
13,Meranoplus,casent0101230,pin,,18,9753,False,lum,134.096,130.0,<=,0.031507692307692334,False
24,Syllophopsis,casent0172919,pin,,29,322,False,straight,0.9285714285714286,0.9,>=,0.03174603174603176,False
18,Odontomachus,casent0499525,pin,,21,7650,False,lum,125.85149999999999,130.0,<=,0.03191153846153856,False
12,Lioponera,casent0101980,card,cream,24,161,False,solidity,0.6192307692307693,0.6,>=,0.032051282051282125,False
23,Strumigenys,casent0005581,pin,,53,720,False,elongation,2.9036847400145294,3.0,>=,0.032105086661823545,False
23,Strumigenys,casent0005581,card,cream,17,1171,False,solidity,0.5805651958353991,0.6,>=,0.03239134027433477,False
18,Odontomachus,casent0499525,pin,,16,2941,False,straight,0.9302958177490649,0.9,>=,0.033662019721183184,False
10,Hypoponera,casent0101023,card,cream,6,568,False,solidity,0.5795918367346938,0.6,>=,0.03401360544217691,False
23,Strumigenys,casent0005581,card,cream,5,922,False,solidity,0.57950974230044,0.6,>=,0.03415042949926672,False
10,Hypoponera,casent0101023,pin,,21,3125,False,length,96.58212196769787,100.0,>=,0.03417878032302127,False
13,Meranoplus,casent0101230,card,cream,12,175,False,solidity,0.5794701986754967,0.6,>=,0.03421633554083888,False
11,Leptogenys,casent0102413,pin,,10,500,False,elongation,2.896431678993499,3.0,>=,0.03452277366883368,False
30,Tetraponera,casent0409559,card,white,16,618,False,radius,7.0,6.765625,>=,0.03464203233256351,False
21,Platythyrea,casent0102009,pin,,3,1240,False,elongation,2.895991530147365,3.0,>=,0.0346694899508783,False
21,Platythyrea,casent0102009,pin,,4,758,False,lum,134.51749999999998,130.0,<=,0.03474999999999988,False
26,Technomyrmex,casent0101932,card,cream,3,1618,False,solidity,0.6208749040675364,0.6,>=,0.03479150677922742,False
1,Anochetus,casent0102932,pin,,28,6235,False,straight,0.8680032076984764,0.9,>=,0.035551991446137375,False
22,Royidris,casent0077935,pin,,17,4605,False,straight,0.8677524429967427,0.9,>=,0.03583061889250813,False
24,Syllophopsis,casent0172919,pin,,26,1961,False,straight,0.9326874043855176,0.9,>=,0.0363193382061306,False
22,Royidris,casent0077935,card,cream,6,39600,False,edge,115.0,119.39849245279439,>=,0.036838760376588356,False
26,Technomyrmex,casent0101932,pin,,10,9094,False,even_width,0.2407248695859946,0.25,<=,0.03710052165602162,False
24,Syllophopsis,casent0172919,pin,,25,5792,False,lum,125.16149999999999,130.0,<=,0.03721923076923085,False
3,Bothroponera,casent0027983,pin,,10,1885,False,length,103.72229545614248,100.0,>=,0.037222954561424756,False
25,Tapinoma,casent0016783,card,cream,9,239,False,solidity,0.6223958333333334,0.6,>=,0.03732638888888899,False
4,Camponotus,casent0101390,pin,,8,4490,False,straight,0.9338530066815145,0.9,>=,0.03761445186834941,False
10,Hypoponera,casent0101023,card,cream,0,226,False,solidity,0.6225895316804407,0.6,>=,0.03764921946740126,False
12,Lioponera,casent0101980,card,cream,15,566,False,solidity,0.6226622662266227,0.6,>=,0.03777044371103785,False
3,Bothroponera,casent0027983,pin,,9,7843,False,straight,0.8659951549152111,0.9,>=,0.03778316120532107,False
13,Meranoplus,casent0101230,pin,,17,305,False,elongation,3.1135256226003234,3.0,>=,0.037841874200107796,False
23,Strumigenys,casent0005581,pin,,49,5288,False,lum,134.93800000000002,130.0,<=,0.03798461538461551,False
12,Lioponera,casent0101980,pin,,33,17563,False,straight,0.8650002846894038,0.9,>=,0.03888857256732911,False
13,Meranoplus,casent0101230,pin,,21,2465,False,length,96.09200044229775,100.0,>=,0.03907999557702255,False
25,Tapinoma,casent0016783,pin,,17,2862,False,straight,0.9353598881900769,0.9,>=,0.03928876465564094,False
7,Cataulacus,casent0101241,pin,,10,4491,False,chroma,26.0,25.0,<=,0.04,False
8,Cataulacus,casent0101245,pin,,2,5893,False,chroma,26.0,25.0,<=,0.04,False
18,Odontomachus,casent0499525,pin,,17,9340,False,chroma,24.0,25.0,<=,0.04,False
22,Royidris,casent0077935,card,white,7,650,False,edge,52.0,50.0,>=,0.04,False
24,Syllophopsis,casent0172919,pin,,27,301,False,chroma,24.0,25.0,<=,0.04,False
30,Tetraponera,casent0409559,card,white,0,443,False,solidity,0.4317738791423002,0.45,>=,0.04050249079488847,False
19,Pachycondyla,casent0840847,pin,,19,1484,False,straight,0.8632075471698113,0.9,>=,0.04088050314465414,False
23,Strumigenys,casent0005581,pin,,45,2581,False,straight,0.9368461836497481,0.9,>=,0.04094020405527569,False
19,Pachycondyla,casent0840847,pin,,22,399,False,elongation,2.876571240240789,3.0,>=,0.041142919919737064,False
29,Tetramorium,casent0102347,pin,,15,5458,False,straight,0.938255771344815,0.9,>=,0.042506412605349944,False
17,Nylanderia,casent0101887,pin,,18,794,False,straight,0.9382871536523929,0.9,>=,0.04254128183599209,False
19,Pachycondyla,casent0840847,pin,,16,1151,False,elongation,3.1280940617497124,3.0,>=,0.04269802058323746,False
1,Anochetus,casent0102932,card,cream,8,2579,False,edge,67.0,70.0,>=,0.04285714285714286,False
12,Lioponera,casent0101980,card,cream,19,863,False,edge,73.0,70.0,>=,0.04285714285714286,False
25,Tapinoma,casent0016783,pin,,19,33829,False,width,76.56045941620594,80.0,<=,0.042994257297425696,False
10,Hypoponera,casent0101023,card,cream,12,174,False,solidity,0.6258992805755396,0.6,>=,0.04316546762589931,False
24,Syllophopsis,casent0172919,card,cream,16,1222,False,solidity,0.5737089201877934,0.6,>=,0.04381846635367763,False
22,Royidris,casent0077935,pin,,19,3407,False,even_width,0.26106845248165367,0.25,<=,0.04427380992661467,False
17,Nylanderia,casent0101887,pin,,24,756,False,straight,0.9404761904761905,0.9,>=,0.044973544973544936,False
23,Strumigenys,casent0005581,pin,,51,2429,False,straight,0.9407163441745574,0.9,>=,0.04524038241617487,False
16,Nesomyrmex,casent0189276,pin,,31,7619,False,straight,0.9409371308570679,0.9,>=,0.04548570095229761,False
10,Hypoponera,casent0101023,pin,,17,1494,False,lum,124.0735,130.0,<=,0.04558846153846157,False
3,Bothroponera,casent0027983,pin,,7,41030,False,even_width,0.23857331849376454,0.25,<=,0.04570672602494186,False
26,Technomyrmex,casent0101932,pin,,9,6964,False,lum,123.99499999999999,130.0,<=,0.04619230769230777,False
5,Camponotus,casent0104638,pin,,27,3159,False,elongation,3.1391986089207866,3.0,>=,0.04639953630692887,False
10,Hypoponera,casent0101023,card,cream,8,767,False,solidity,0.5715350223546944,0.6,>=,0.047441629408842556,False
25,Tapinoma,casent0016783,card,white,16,1037,False,solidity,0.4713636363636364,0.45,>=,0.04747474747474747,False
10,Hypoponera,casent0101023,card,white,2,352,False,radius,7.615773105863909,8.0,>=,0.04802836176701142,False
23,Strumigenys,casent0005581,pin,,46,741,False,straight,0.9433198380566802,0.9,>=,0.04813315339631129,False
5,Camponotus,casent0104638,pin,,26,3756,False,length,95.18167677852219,100.0,>=,0.04818323221477812,False
13,Meranoplus,casent0101230,pin,,14,654,False,straight,0.9434250764525994,0.9,>=,0.048250084947332676,False
24,Syllophopsis,casent0172919,pin,,24,53632,False,width,83.86760203024926,80.0,<=,0.04834502537811573,False
11,Leptogenys,casent0102413,pin,,7,734,False,straight,0.944141689373297,0.9,>=,0.04904632152588554,False
10,Hypoponera,casent0101023,card,cream,3,7661,False,background,0.15737298636926889,0.15,>=,0.04915324246179261,False
27,Technomyrmex,casent0104343,card,cream,7,612,False,solidity,0.6296296296296297,0.6,>=,0.04938271604938279,False
1,Anochetus,casent0102932,card,cream,14,354,False,solidity,0.6298932384341637,0.6,>=,0.049822064056939494,False
25,Tapinoma,casent0016783,card,cream,7,112110,False,edge,211.0,200.89698852894733,>=,0.05028951177930136,False
14,Monomorium,casent0173547,pin,,25,976,False,straight,0.9456967213114754,0.9,>=,0.05077413479052822,False
20,Pheidole,casent0101324,pin,,32,8600,False,straight,0.945813953488372,0.9,>=,0.05090439276485781,False
14,Monomorium,casent0173547,pin,,26,9787,False,straight,0.9460508838254827,0.9,>=,0.051167648694980805,False
6,Cardiocondyla,casent0101219,pin,,15,22872,False,lum,136.66,130.0,<=,0.051230769230769205,False
22,Royidris,casent0077935,card,cream,8,1324,False,solidity,0.6307765602667937,0.6,>=,0.05129426711132294,False
3,Bothroponera,casent0027983,pin,,7,41030,False,width,84.11187782329961,80.0,<=,0.0513984727912451,False
3,Bothroponera,casent0027983,pin,,8,4787,False,elongation,3.15484800754982,3.0,>=,0.05161600251660673,False
17,Nylanderia,casent0101887,pin,,19,3197,False,straight,0.9465123553331248,0.9,>=,0.05168039481458312,False
11,Leptogenys,casent0102413,pin,,12,7028,False,straight,0.8533010813887308,0.9,>=,0.051887687345854645,False
15,Mystrium,casent0003308,card,cream,13,633,False,solidity,0.568733153638814,0.6,>=,0.05211141060197655,False
14,Monomorium,casent0173547,pin,,30,1375,False,straight,0.9469090909090909,0.9,>=,0.05212121212121211,False
23,Strumigenys,casent0005581,pin,,49,5288,False,even_width,0.263098027212814,0.25,<=,0.052392108851256,False
20,Pheidole,casent0101324,card,white,9,773,False,area,773.0,734.208,>=,0.05283516387726643,False
14,Monomorium,casent0173547,pin,,30,1375,False,elongation,2.841233337363683,3.0,>=,0.0529222208787723,False
26,Technomyrmex,casent0101932,card,cream,2,525,False,solidity,0.631768953068592,0.6,>=,0.05294825511432011,False
11,Leptogenys,casent0102413,card,white,1,606,False,radius,7.810249675906654,7.4140625,>=,0.05343725871027577,False
18,Odontomachus,casent0499525,pin,,19,38634,False,lum,136.95299999999997,130.0,<=,0.053484615384615186,False
27,Technomyrmex,casent0104343,pin,,14,657,False,straight,0.9482496194824962,0.9,>=,0.05361068831388464,False
30,Tetraponera,casent0409559,card,cream,2,2210,False,edge,56.0,59.19921875,>=,0.05404157043879908,False
16,Nesomyrmex,casent0189276,card,cream,2,2118,False,solidity,0.6324275903254702,0.6,>=,0.054045983875783785,False
30,Tetraponera,casent0409559,pin,,35,1615,False,lum,137.039,130.0,<=,0.05414615384615375,False
12,Lioponera,casent0101980,pin,,39,318,False,straight,0.949685534591195,0.9,>=,0.055206149545772173,False
16,Nesomyrmex,casent0189276,card,cream,22,6494,False,radius,19.0,18.0,>=,0.05555555555555555,False
16,Nesomyrmex,casent0189276,card,cream,23,4333,False,radius,19.0,18.0,>=,0.05555555555555555,False
27,Technomyrmex,casent0104343,pin,,9,556,False,even_width,0.2640420758343792,0.25,<=,0.05616830333751688,False
18,Odontomachus,casent0499525,card,cream,13,542,False,background,0.15846994535519127,0.15,>=,0.05646630236794181,False
25,Tapinoma,casent0016783,pin,,19,33829,False,even_width,0.23577667264035407,0.25,<=,0.05689330943858373,False
10,Hypoponera,casent0101023,card,cream,5,1134,False,edge,66.0,70.0,>=,0.05714285714285714,False
23,Strumigenys,casent0005581,card,cream,30,1551,False,edge,66.0,70.0,>=,0.05714285714285714,False
27,Technomyrmex,casent0104343,card,cream,5,1040,False,edge,74.0,70.0,>=,0.05714285714285714,False
16,Nesomyrmex,casent0189276,card,cream,17,7896,False,radius,16.97056274847714,18.0,>=,0.05719095841793672,False
10,Hypoponera,casent0101023,card,cream,9,278,False,solidity,0.634703196347032,0.6,>=,0.05783866057838668,False
6,Cardiocondyla,casent0101219,pin,,18,481,False,straight,0.9521829521829522,0.9,>=,0.057981057981058015,False
16,Nesomyrmex,casent0189276,card,cream,19,618,False,solidity,0.6351490236382322,0.6,>=,0.058581706063720415,False
3,Bothroponera,casent0027983,pin,,7,41030,False,lum,122.292,130.0,<=,0.05929230769230768,False
5,Camponotus,casent0104638,pin,,23,20336,False,straight,0.8466266719118805,0.9,>=,0.059303697875688406,False
18,Odontomachus,casent0499525,card,cream,12,321,False,solidity,0.6356435643564357,0.6,>=,0.05940594059405946,False
2,Aphaenogaster,casent0102039,pin,,9,626,False,straight,0.9536741214057508,0.9,>=,0.059637912673056424,False
13,Meranoplus,casent0101230,card,white,11,612,False,area,612.0,577.5360000000001,>=,0.05967420212765947,False
6,Cardiocondyla,casent0101219,card,white,3,209,False,background,0.14102564102564102,0.15,>=,0.059829059829059804,False
30,Tetraponera,casent0409559,card,cream,21,470,False,solidity,0.6359945872801083,0.6,>=,0.05999097880018049,False
9,Crematogaster,casent0193045,card,white,3,753,False,edge,47.0,50.0,>=,0.06,False
22,Royidris,casent0077935,card,white,15,1256,False,edge,47.0,50.0,>=,0.06,False
23,Strumigenys,casent0005581,pin,,53,720,False,lum,122.15899999999999,130.0,<=,0.06031538461538468,False
9,Crematogaster,casent0193045,card,white,2,533,False,radius,8.48528137423857,8.0,>=,0.06066017177982119,False
13,Meranoplus,casent0101230,card,white,0,907,False,radius,8.48528137423857,8.0,>=,0.06066017177982119,False
16,Nesomyrmex,casent0189276,pin,,32,793,False,straight,0.9546027742749055,0.9,>=,0.06066974919433939,False
22,Royidris,casent0077935,pin,,18,9907,False,straight,0.9547794488745331,0.9,>=,0.0608660543050368,False
7,Cataulacus,casent0101241,pin,,8,1486,False,straight,0.9549125168236877,0.9,>=,0.061013907581875214,False
27,Technomyrmex,casent0104343,pin,,9,556,False,straight,0.9550359712230215,0.9,>=,0.06115107913669056,False
28,Terataner,casent0102049,pin,,4,11236,False,straight,0.9550551797792809,0.9,>=,0.061172421976978746,False
5,Camponotus,casent0104638,pin,,26,3756,False,straight,0.9552715654952076,0.9,>=,0.061412850550230685,False
20,Pheidole,casent0101324,pin,,29,543,False,lum,121.973,130.0,<=,0.06174615384615385,False
12,Lioponera,casent0101980,pin,,34,3376,False,lum,121.9525,130.0,<=,0.06190384615384615,False
18,Odontomachus,casent0499525,card,cream,11,473,False,background,0.140625,0.15,>=,0.062499999999999965,False
19,Pachycondyla,casent0840847,pin,,22,399,False,straight,0.9573934837092731,0.9,>=,0.0637705374547479,False
10,Hypoponera,casent0101023,card,cream,5,1134,False,solidity,0.5616641901931649,0.6,>=,0.06389301634472508,False
24,Syllophopsis,casent0172919,pin,,26,1961,False,elongation,3.1917235368094605,3.0,>=,0.0639078456031535,False
1,Anochetus,casent0102932,pin,,27,1033,False,even_width,0.26606985307467274,0.25,<=,0.06427941229869094,False
12,Lioponera,casent0101980,card,cream,14,6171,False,background,0.1597222222222222,0.15,>=,0.06481481481481477,False
30,Tetraponera,casent0409559,card,white,20,341,False,radius,6.324555320336759,6.765625,>=,0.06519274710957834,False
29,Tetramorium,casent0102347,pin,,13,567,False,straight,0.9594356261022927,0.9,>=,0.06603958455810299,False
22,Royidris,casent0077935,pin,,20,6451,False,lum,138.611,130.0,<=,0.06623846153846147,False
6,Cardiocondyla,casent0101219,card,cream,5,165,False,background,0.14,0.15,>=,0.06666666666666654,False
16,Nesomyrmex,casent0189276,pin,,28,8581,False,straight,0.9600279687682088,0.9,>=,0.06669774307578757,False
12,Lioponera,casent0101980,card,cream,16,495,False,solidity,0.6403622250970246,0.6,>=,0.06727037516170764,False
6,Cardiocondyla,casent0101219,card,cream,0,7214,False,area,7214.0,6758.400000000001,>=,0.06741240530303022,False
3,Bothroponera,casent0027983,pin,,9,7843,False,lum,121.193,130.0,<=,0.06774615384615386,False
29,Tetramorium,casent0102347,pin,,12,2008,False,straight,0.9611553784860558,0.9,>=,0.06795042054006199,False
6,Cardiocondyla,casent0101219,pin,,15,22872,False,straight,0.8387110877929346,0.9,>=,0.06809879134118384,False
4,Camponotus,casent0101390,pin,,8,4490,False,lum,121.1465,130.0,<=,0.06810384615384613,False
13,Meranoplus,casent0101230,card,cream,13,275,False,solidity,0.5589430894308943,0.6,>=,0.06842818428184276,False
1,Anochetus,casent0102932,pin,,30,2558,False,straight,0.9616888193901486,0.9,>=,0.06854313265572065,False
20,Pheidole,casent0101324,pin,,37,2252,False,straight,0.9618117229129662,0.9,>=,0.06867969212551801,False
22,Royidris,casent0077935,pin,,19,3407,False,straight,0.961843263868506,0.9,>=,0.06871473763167336,False
10,Hypoponera,casent0101023,pin,,20,631,False,straight,0.9619651347068146,0.9,>=,0.06885014967423836,False
20,Pheidole,casent0101324,card,white,18,785,False,area,785.0,734.208,>=,0.06917930613668066,False
16,Nesomyrmex,casent0189276,pin,,30,3654,False,straight,0.9627805145046524,0.9,>=,0.06975612722739154,False
26,Technomyrmex,casent0101932,pin,,8,512,False,straight,0.962890625,0.9,>=,0.0698784722222222,False
12,Lioponera,casent0101980,pin,,38,890,False,straight,0.9629213483146067,0.9,>=,0.06991260923845191,False
14,Monomorium,casent0173547,pin,,29,2741,False,straight,0.9631521342575702,0.9,>=,0.07016903806396683,False
22,Royidris,casent0077935,pin,,22,489,False,straight,0.9631901840490797,0.9,>=,0.07021131561008857,False
23,Strumigenys,casent0005581,pin,,55,14566,False,straight,0.9632019772071948,0.9,>=,0.0702244191191053,False
22,Royidris,casent0077935,pin,,24,521,False,straight,0.963531669865643,0.9,>=,0.07059074429515884,False
17,Nylanderia,casent0101887,card,cream,1,466,False,solidity,0.6427586206896552,0.6,>=,0.071264367816092,False
1,Anochetus,casent0102932,card,cream,13,3097,False,edge,75.0,70.0,>=,0.07142857142857142,False
12,Lioponera,casent0101980,card,cream,14,6171,False,edge,75.0,70.0,>=,0.07142857142857142,False
16,Nesomyrmex,casent0189276,card,cream,10,3253,False,edge,75.0,70.0,>=,0.07142857142857142,False
18,Odontomachus,casent0499525,card,cream,7,689,False,edge,65.0,70.0,>=,0.07142857142857142,False
25,Tapinoma,casent0016783,card,white,6,1580,False,solidity,0.48214830637778455,0.45,>=,0.0714406808395212,False
30,Tetraponera,casent0409559,pin,,38,5327,False,straight,0.9645203679369251,0.9,>=,0.07168929770769451,False
20,Pheidole,casent0101324,pin,,33,397,False,straight,0.964735516372796,0.9,>=,0.07192835152532884,False
1,Anochetus,casent0102932,pin,,32,8505,False,straight,0.9653145208700764,0.9,>=,0.07257168985564043,False
18,Odontomachus,casent0499525,card,cream,13,542,False,solidity,0.6437054631828979,0.6,>=,0.0728424386381632,False
1,Anochetus,casent0102932,pin,,26,1430,False,even_width,0.2683133115996976,0.25,<=,0.0732532463987905,False
1,Anochetus,casent0102932,pin,,31,2172,False,even_width,0.23166926543318028,0.25,<=,0.07332293826727887,False
2,Aphaenogaster,casent0102039,card,cream,1,762,False,edge,61.0,65.830078125,>=,0.07337190327844534,False
1,Anochetus,casent0102932,pin,,25,2007,False,length,107.3488305682817,100.0,>=,0.07348830568281699,False
22,Royidris,casent0077935,pin,,18,9907,False,even_width,0.23162093415496857,0.25,<=,0.07351626338012573,False
28,Terataner,casent0102049,pin,,5,1344,False,straight,0.9665178571428571,0.9,>=,0.07390873015873008,False
2,Aphaenogaster,casent0102039,pin,,12,1385,False,straight,0.9667870036101083,0.9,>=,0.07420778178900916,False
18,Odontomachus,casent0499525,pin,,21,7650,False,straight,0.966797385620915,0.9,>=,0.0742193173565722,False
1,Anochetus,casent0102932,pin,,31,2172,False,straight,0.9668508287292817,0.9,>=,0.0742786985880908,False
26,Technomyrmex,casent0101932,card,cream,5,4371,False,edge,81.0,87.5,>=,0.07428571428571429,False
29,Tetramorium,casent0102347,pin,,15,5458,False,elongation,2.775558511328582,3.0,>=,0.07481382955713937,False
22,Royidris,casent0077935,card,white,3,179,False,solidity,0.4837837837837838,0.45,>=,0.07507507507507505,False
8,Cataulacus,casent0101245,pin,,4,4442,False,straight,0.9675821701936065,0.9,>=,0.07509130021511828,False
16,Nesomyrmex,casent0189276,card,cream,13,240,False,background,0.16129032258064516,0.15,>=,0.07526881720430109,False
10,Hypoponera,casent0101023,pin,,17,1494,False,straight,0.9678714859437751,0.9,>=,0.07541276215975014,False
24,Syllophopsis,casent0172919,card,cream,18,675,False,solidity,0.6453154875717018,0.6,>=,0.07552581261950297,False
7,Cataulacus,casent0101241,pin,,10,4491,False,lum,120.16499999999999,130.0,<=,0.07565384615384621,False
11,Leptogenys,casent0102413,pin,,7,734,False,even_width,0.23093902116219275,0.25,<=,0.07624391535122899,False
27,Technomyrmex,casent0104343,pin,,11,630,False,lum,139.94199999999998,130.0,<=,0.07647692307692291,False
20,Pheidole,casent0101324,pin,,34,487,False,straight,0.9691991786447639,0.9,>=,0.07688797627195987,False
27,Technomyrmex,casent0104343,pin,,9,556,False,elongation,3.2310394190549263,3.0,>=,0.07701313968497543,False
29,Tetramorium,casent0102347,pin,,11,877,False,elongation,3.232539100070194,3.0,>=,0.07751303335673132,False
23,Strumigenys,casent0005581,card,cream,24,1723,False,solidity,0.6467717717717718,0.6,>=,0.07795295295295306,False
12,Lioponera,casent0101980,pin,,34,3376,False,straight,0.970675355450237,0.9,>=,0.07852817272248551,False
23,Strumigenys,casent0005581,card,cream,29,1058,False,solidity,0.6474908200734394,0.6,>=,0.07915136678906569,False
22,Royidris,casent0077935,pin,,25,515,False,even_width,0.2697930821319169,0.25,<=,0.07917232852766753,False
20,Pheidole,casent0101324,pin,,36,528,False,straight,0.9715909090909091,0.9,>=,0.07954545454545449,False
14,Monomorium,casent0173547,card,white,0,400,False,edge,46.0,50.0,>=,0.08,False
20,Pheidole,casent0101324,card,white,18,785,False,edge,46.0,50.0,>=,0.08,False
18,Odontomachus,casent0499525,pin,,22,305,False,straight,0.9737704918032787,0.9,>=,0.08196721311475406,False
23,Strumigenys,casent0005581,card,cream,23,228,False,solidity,0.5507246376811594,0.6,>=,0.08212560386473426,False
30,Tetraponera,casent0409559,pin,,39,423,False,elongation,2.7534827684403,3.0,>=,0.08217241051990005,False
30,Tetraponera,casent0409559,pin,,39,423,False,straight,0.9739952718676123,0.9,>=,0.08221696874179137,False
11,Leptogenys,casent0102413,pin,,8,5999,False,straight,0.9744957492915486,0.9,>=,0.0827730547683873,False
24,Syllophopsis,casent0172919,pin,,28,1141,False,straight,0.9745836985100789,0.9,>=,0.08287077612230982,False
12,Lioponera,casent0101980,card,cream,0,303,False,solidity,0.6502145922746781,0.6,>=,0.08369098712446363,False
20,Pheidole,casent0101324,pin,,31,449,False,straight,0.9755011135857461,0.9,>=,0.08389012620638452,False
24,Syllophopsis,casent0172919,card,white,6,712,False,background,0.16260162601626016,0.15,>=,0.0840108401084011,False
20,Pheidole,casent0101324,pin,,31,449,False,lum,140.92199999999997,130.0,<=,0.08401538461538438,False
14,Monomorium,casent0173547,card,cream,8,203,False,solidity,0.6506410256410257,0.6,>=,0.08440170940170948,False
30,Tetraponera,casent0409559,card,cream,33,289,False,solidity,0.6509009009009009,0.6,>=,0.0848348348348349,False
23,Strumigenys,casent0005581,pin,,49,5288,False,straight,0.9763615733736762,0.9,>=,0.08484619263741802,False
17,Nylanderia,casent0101887,pin,,19,3197,False,lum,141.03599999999997,130.0,<=,0.08489230769230749,False
8,Cataulacus,casent0101245,pin,,2,5893,False,straight,0.9764126930256236,0.9,>=,0.08490299225069288,False
2,Aphaenogaster,casent0102039,pin,,6,17442,False,even_width,0.2712527903365957,0.25,<=,0.08501116134638287,False
14,Monomorium,casent0173547,card,white,0,400,False,solidity,0.4884004884004884,0.45,>=,0.08533441866775195,False
20,Pheidole,casent0101324,card,cream,14,3184,False,edge,76.0,70.0,>=,0.08571428571428572,False
2,Aphaenogaster,casent0102039,pin,,7,4421,False,straight,0.977154489934404,0.9,>=,0.08572721103822666,False
5,Camponotus,casent0104638,pin,,27,3159,False,lum,141.147,130.0,<=,0.08574615384615378,False
1,Anochetus,casent0102932,pin,,26,1430,False,lum,141.149,130.0,<=,0.08576153846153847,False
19,Pachycondyla,casent0840847,pin,,20,6628,False,straight,0.9776704888352444,0.9,>=,0.08630054315027157,False
20,Pheidole,casent0101324,pin,,40,2093,False,straight,0.978021978021978,0.9,>=,0.08669108669108663,False
20,Pheidole,casent0101324,card,cream,6,180,False,solidity,0.6521739130434783,0.6,>=,0.08695652173913049,False
17,Nylanderia,casent0101887,card,cream,0,636,False,solidity,0.6523076923076923,0.6,>=,0.08717948717948713,False
22,Royidris,casent0077935,pin,,25,515,False,straight,0.9786407766990292,0.9,>=,0.08737864077669903,False
12,Lioponera,casent0101980,card,cream,14,6171,False,radius,16.401219466856727,18.0,>=,0.08882114073018184,False
16,Nesomyrmex,casent0189276,card,cream,17,7896,False,area,7896.0,7249.92,>=,0.0891154661016949,False
12,Lioponera,casent0101980,card,cream,3,317,False,solidity,0.6536082474226804,0.6,>=,0.08934707903780074,False
23,Strumigenys,casent0005581,pin,,44,311,False,straight,0.9807073954983923,0.9,>=,0.08967488388710247,False
19,Pachycondyla,casent0840847,pin,,16,1151,False,straight,0.9808861859252823,0.9,>=,0.08987353991698033,False
23,Strumigenys,casent0005581,pin,,52,2272,False,length,91.01043393391242,100.0,>=,0.08989566066087576,False
27,Technomyrmex,casent0104343,pin,,11,630,False,straight,0.9809523809523809,0.9,>=,0.08994708994708987,False
30,Tetraponera,casent0409559,card,cream,3,471,False,solidity,0.6541666666666667,0.6,>=,0.09027777777777783,False
4,Camponotus,casent0101390,pin,,3,2087,False,even_width,0.2726333422017634,0.25,<=,0.09053336880705354,False
23,Strumigenys,casent0005581,pin,,50,4729,False,elongation,3.273024826963282,3.0,>=,0.09100827565442726,False
28,Terataner,casent0102049,pin,,10,397,False,straight,0.982367758186398,0.9,>=,0.09151973131821996,False
23,Strumigenys,casent0005581,pin,,52,2272,False,straight,0.9823943661971831,0.9,>=,0.09154929577464789,False
1,Anochetus,casent0102932,pin,,27,1033,False,straight,0.9825750242013552,0.9,>=,0.09175002689039467,False
7,Cataulacus,casent0101241,pin,,7,3015,False,straight,0.8169154228855722,0.9,>=,0.09231619679380872,False
2,Aphaenogaster,casent0102039,pin,,12,1385,False,even_width,0.22687590523527087,0.25,<=,0.0924963790589165,False
16,Nesomyrmex,casent0189276,pin,,26,2736,False,straight,0.9835526315789473,0.9,>=,0.09283625730994147,False
16,Nesomyrmex,casent0189276,pin,,25,11687,False,straight,0.9835714896893984,0.9,>=,0.09285721076599825,False
17,Nylanderia,casent0101887,pin,,23,1539,False,straight,0.9837556855100714,0.9,>=,0.09306187278896821,False
28,Terataner,casent0102049,pin,,6,15151,False,lum,117.89099999999999,130.0,<=,0.09314615384615392,False
18,Odontomachus,casent0499525,pin,,20,2367,False,straight,0.9843683988170681,0.9,>=,0.09374266535229782,False
12,Lioponera,casent0101980,card,white,11,839,False,area,839.0,766.976,>=,0.09390645861148197,False
3,Bothroponera,casent0027983,pin,,8,4787,False,straight,0.9845414664716942,0.9,>=,0.09393496274632682,False
5,Camponotus,casent0104638,pin,,24,849,False,elongation,3.28218691760949,3.0,>=,0.09406230586983,False
8,Cataulacus,casent0101245,pin,,5,1936,False,elongation,2.7176639597652827,3.0,>=,0.09411201341157242,False
10,Hypoponera,casent0101023,pin,,18,2970,False,lum,142.26999999999998,130.0,<=,0.09438461538461525,False
20,Pheidole,casent0101324,pin,,36,528,False,lum,142.303,130.0,<=,0.09463846153846152,False
2,Aphaenogaster,casent0102039,pin,,11,1090,False,straight,0.9853211009174312,0.9,>=,0.09480122324159018,False
1,Anochetus,casent0102932,card,cream,9,622,False,solidity,0.5427574171029669,0.6,>=,0.0954043048283885,False
14,Monomorium,casent0173547,pin,,25,976,False,elongation,2.7133797360036067,3.0,>=,0.09554008799879776,False
7,Cataulacus,casent0101241,pin,,9,3067,False,straight,0.9863058363221389,0.9,>=,0.09589537369126537,False
20,Pheidole,casent0101324,pin,,32,8600,False,even_width,0.2259967147887206,0.25,<=,0.09601314084511758,False
24,Syllophopsis,casent0172919,pin,,23,2827,False,straight,0.9865581888928192,0.9,>=,0.09617576543646576,False
24,Syllophopsis,casent0172919,pin,,22,1348,False,straight,0.9866468842729971,0.9,>=,0.0962743158588856,False
24,Syllophopsis,casent0172919,pin,,27,301,False,straight,0.9867109634551495,0.9,>=,0.0963455149501661,False
28,Terataner,casent0102049,pin,,7,864,False,straight,0.9872685185185185,0.9,>=,0.09696502057613163,False
5,Camponotus,casent0104638,pin,,30,772,False,straight,0.9883419689119171,0.9,>=,0.09815774323546336,False
24,Syllophopsis,casent0172919,card,white,6,712,False,area,712.0,789.504,>=,0.09816796368352791,False
10,Hypoponera,casent0101023,card,cream,13,485,False,solidity,0.6589673913043478,0.6,>=,0.09827898550724634,False
10,Hypoponera,casent0101023,pin,,20,631,False,lum,142.781,130.0,<=,0.09831538461538467,False
19,Pachycondyla,casent0840847,card,white,0,477,False,radius,7.211102550927978,8.0,>=,0.09861218113400272,False
20,Pheidole,casent0101324,card,white,18,785,False,radius,7.211102550927978,8.0,>=,0.09861218113400272,False
22,Royidris,casent0077935,card,white,15,1256,False,radius,7.211102550927978,8.0,>=,0.09861218113400272,False
16,Nesomyrmex,casent0189276,card,cream,12,764,False,solidity,0.6591889559965487,0.6,>=,0.09864825999424787,False
27,Technomyrmex,casent0104343,pin,,10,449,False,straight,0.9888641425389755,0.9,>=,0.09873793615441717,False
7,Cataulacus,casent0101241,card,white,5,382,False,edge,45.0,50.0,>=,0.1,False
12,Lioponera,casent0101980,card,cream,15,566,False,edge,63.0,70.0,>=,0.1,False
17,Nylanderia,casent0101887,card,cream,4,1881,False,edge,63.0,70.0,>=,0.1,False
17,Nylanderia,casent0101887,card,cream,10,890,False,edge,63.0,70.0,>=,0.1,False
23,Strumigenys,casent0005581,card,cream,24,1723,False,edge,77.0,70.0,>=,0.1,False
24,Syllophopsis,casent0172919,card,cream,0,3496,False,edge,63.0,70.0,>=,0.1,False
25,Tapinoma,casent0016783,pin,,21,626,False,chroma,27.5,25.0,<=,0.1,False
