k,genus,specimen_code,image_source,creator,mask_px,card_px,card_regions,card_grown_px,pin_px,pin_regions,dropped_px,dropped_pieces,glue_px,glue_blobs,clean_px,clean_components,removed_share,final_touches_frame,rules_s
1,Anochetus,casent0102932,commons,April Nobile,188409,16956,1,2117,0,0,32,8,14555,24,171421,2,0.0902,,10.48
2,Aphaenogaster,casent0102039,commons,April Nobile,156367,0,0,0,0,0,1364,4,2799,5,155003,1,0.0087,top,6.78
3,Bothroponera,casent0027983,commons,April Nobile,306323,0,0,0,0,0,0,0,3511,6,306323,1,0.0,,7.08
4,Camponotus,casent0101390,commons,April Nobile,306029,17056,1,764,32119,2,65,20,919,1,256789,2,0.1609,left,7.68
5,Camponotus,casent0104638,gbif_cache,April Nobile,387731,0,0,0,18406,1,318,4,148271,22,369007,1,0.0483,left;right,13.01
6,Cardiocondyla,casent0101219,commons,April Nobile,259001,84112,1,1841,0,0,196,49,15750,14,174693,1,0.3255,,7.69
7,Cataulacus,casent0101241,commons,April Nobile,161961,0,0,0,0,0,30,1,3091,7,161931,1,0.0002,,5.36
8,Cataulacus,casent0101245,commons,Nick Olgeirson,188907,53730,1,2695,0,0,821,58,0,0,134356,2,0.2888,,4.31
9,Crematogaster,casent0193045,gbif_cache,Bonnie Blaimer,622112,0,0,0,0,0,0,0,11996,10,622112,1,0.0,left;right,8.8
10,Hypoponera,casent0101023,commons,April Nobile,235442,0,0,0,0,0,14,1,21360,15,235428,1,0.0001,,6.87
11,Leptogenys,casent0102413,commons,April Nobile,179279,0,0,0,0,0,0,0,4110,5,179279,1,0.0,,5.98
12,Lioponera,casent0101980,commons,April Nobile,304778,0,0,0,0,0,0,0,37180,33,304778,2,0.0,,11.08
13,Meranoplus,casent0101230,commons,Nick Olgeirson,258174,0,0,0,0,0,16,1,18133,14,258158,3,0.0001,left,6.36
14,Monomorium,casent0173547,commons,April Nobile,162919,30312,4,14034,0,0,19551,122,13712,21,113056,1,0.3061,,18.55
15,Mystrium,casent0003308,commons,April Nobile,263624,0,0,0,0,0,10,2,8292,19,263614,1,0.0,,6.75
16,Nesomyrmex,casent0189276,commons,Erin Prado,226644,0,0,0,0,0,0,0,59131,25,226644,1,0.0,bottom,9.28
17,Nylanderia,casent0101887,commons,April Nobile,289856,95338,1,4059,0,0,1373,32,11561,16,193145,3,0.3337,,8.18
18,Odontomachus,casent0499525,commons,April Nobile,182238,0,0,0,0,0,0,0,5045,15,182238,1,0.0,,8.82
19,Pachycondyla,casent0840847,gbif_cache,Wade Lee,432701,1517,1,355,0,0,0,0,4925,15,431184,2,0.0035,,12.74
20,Pheidole,casent0101324,commons,Nick Olgeirson,178699,0,0,0,0,0,237,9,16616,29,178462,1,0.0013,,10.46
21,Platythyrea,casent0102009,commons,April Nobile,188067,0,0,0,0,0,0,0,7672,3,188067,1,0.0,,6.55
22,Royidris,casent0077935,commons,April Nobile,224359,0,0,0,0,0,17,1,81747,17,224342,1,0.0001,,8.06
23,Strumigenys,casent0005581,gbif_cache,April Nobile,452786,0,0,0,0,0,427,4,66416,43,452359,1,0.0009,bottom;left;right,17.19
24,Syllophopsis,casent0172919,commons,April Nobile,283014,13344,1,1369,0,0,125,3,15427,21,269545,2,0.0476,,9.87
25,Tapinoma,casent0016783,commons,April Nobile,244992,966,1,206,0,0,0,0,122383,16,244026,3,0.0039,,8.63
26,Technomyrmex,casent0101932,commons,April Nobile,367019,24136,1,2529,0,0,30,18,7404,6,342853,2,0.0658,,11.23
27,Technomyrmex,casent0104343,commons,April Nobile,186737,0,0,0,0,0,0,0,4438,8,186737,2,0.0,,6.68
28,Terataner,casent0102049,commons,April Nobile,227296,0,0,0,0,0,205,1,1379,4,227091,1,0.0009,,6.76
29,Tetramorium,casent0102347,commons,April Nobile,280450,0,0,0,0,0,0,0,6159,11,280450,1,0.0,,7.47
30,Tetraponera,casent0409559,commons,Erin Prado,181892,0,0,0,0,0,9,2,16267,34,181883,1,0.0,,7.06
