genus,n,neutral (0-9),warm (>=10),cool (<0)
Mystrium,44,45.5,18.2,36.4
Tapinoma,15,60.0,26.7,13.3
Technomyrmex,35,54.3,45.7,0.0
Lioponera,14,28.6,71.4,0.0
Camponotus,238,47.1,39.5,13.4
Nylanderia,20,65.0,35.0,0.0
Aphaenogaster,27,37.0,55.6,7.4
Cardiocondyla,13,23.1,53.8,23.1
Cataulacus,29,72.4,3.4,24.1
Crematogaster,82,54.9,37.8,7.3
Meranoplus,14,64.3,21.4,14.3
Monomorium,37,59.5,27.0,13.5
Nesomyrmex,17,64.7,35.3,0.0
Pheidole,78,65.4,19.2,15.4
Royidris,10,90.0,10.0,0.0
Strumigenys,223,73.1,4.5,22.4
Syllophopsis,14,64.3,14.3,21.4
Terataner,16,43.8,25.0,31.2
Tetramorium,105,70.5,23.8,5.7
Anochetus,29,58.6,41.4,0.0
Bothroponera,27,44.4,40.7,14.8
Hypoponera,23,13.0,82.6,4.3
Leptogenys,38,15.8,84.2,0.0
Odontomachus,14,57.1,35.7,7.1
Pachycondyla,13,61.5,23.1,15.4
Platythyrea,18,50.0,50.0,0.0
Tetraponera,43,44.2,53.5,2.3
