genus,black_bar,thin_line,none,total
Mystrium,33,8,3,44
Tapinoma,13,2,0,15
Technomyrmex,35,0,0,35
Lioponera,14,0,0,14
Camponotus,224,6,8,238
Nylanderia,20,0,0,20
Aphaenogaster,24,3,0,27
Cardiocondyla,12,1,0,13
Cataulacus,27,1,1,29
Crematogaster,77,1,4,82
Meranoplus,12,1,1,14
Monomorium,37,0,0,37
Nesomyrmex,15,0,2,17
Pheidole,76,0,2,78
Royidris,9,0,1,10
Strumigenys,47,171,5,223
Syllophopsis,12,0,2,14
Terataner,16,0,0,16
Tetramorium,102,1,2,105
Anochetus,27,2,0,29
Bothroponera,27,0,0,27
Hypoponera,21,0,2,23
Leptogenys,38,0,0,38
Odontomachus,12,2,0,14
Pachycondyla,11,0,2,13
Platythyrea,18,0,0,18
Tetraponera,42,0,1,43
