genus,n,n_type,type_frac,Holotype,Lectotype,Paralectotype,Paratype,Syntype,not a type
Mystrium,44,12,0.273,0,5,5,2,0,32
Tapinoma,15,4,0.267,0,0,0,0,4,11
Technomyrmex,35,10,0.286,6,0,0,0,4,25
Lioponera,14,8,0.571,0,0,0,0,8,6
Camponotus,238,139,0.584,7,45,78,1,8,99
Nylanderia,20,16,0.8,0,0,0,0,16,4
Aphaenogaster,27,17,0.63,0,0,0,0,17,10
Cardiocondyla,13,6,0.462,0,0,0,0,6,7
Cataulacus,29,11,0.379,0,0,0,0,11,18
Crematogaster,82,29,0.354,4,18,0,1,6,53
Meranoplus,14,3,0.214,0,2,0,0,1,11
Monomorium,37,9,0.243,8,1,0,0,0,28
Nesomyrmex,17,8,0.471,5,0,0,0,3,9
Pheidole,78,58,0.744,6,5,11,3,33,20
Royidris,10,5,0.5,4,0,0,1,0,5
Strumigenys,223,190,0.852,78,0,0,110,2,33
Syllophopsis,14,6,0.429,6,0,0,0,0,8
Terataner,16,8,0.5,0,0,0,0,8,8
Tetramorium,105,39,0.371,12,4,7,3,13,66
Anochetus,29,9,0.31,2,3,3,1,0,20
Bothroponera,27,8,0.296,0,3,5,0,0,19
Hypoponera,23,16,0.696,0,0,0,0,16,7
Leptogenys,38,28,0.737,6,8,13,0,1,10
Odontomachus,14,2,0.143,0,2,0,0,0,12
Pachycondyla,13,5,0.385,2,2,1,0,0,8
Platythyrea,18,11,0.611,0,1,2,0,8,7
Tetraponera,43,7,0.163,2,2,2,0,1,36
