genus,type,not a type,total
Mystrium,12,32,44
Tapinoma,4,11,15
Technomyrmex,10,25,35
Lioponera,8,6,14
Camponotus,139,99,238
Nylanderia,16,4,20
Aphaenogaster,17,10,27
Cardiocondyla,6,7,13
Cataulacus,11,18,29
Crematogaster,29,53,82
Meranoplus,3,11,14
Monomorium,9,28,37
Nesomyrmex,8,9,17
Pheidole,58,20,78
Royidris,5,5,10
Strumigenys,190,33,223
Syllophopsis,6,8,14
Terataner,8,8,16
Tetramorium,39,66,105
Anochetus,9,20,29
Bothroponera,8,19,27
Hypoponera,16,7,23
Leptogenys,28,10,38
Odontomachus,2,12,14
Pachycondyla,5,8,13
Platythyrea,11,7,18
Tetraponera,7,36,43
