genus,not a type,Syntype,Holotype,Paralectotype,Paratype,Lectotype,total
Mystrium,32,0,0,5,2,5,44
Tapinoma,11,4,0,0,0,0,15
Technomyrmex,25,4,6,0,0,0,35
Lioponera,6,8,0,0,0,0,14
Camponotus,99,8,7,78,1,45,238
Nylanderia,4,16,0,0,0,0,20
Aphaenogaster,10,17,0,0,0,0,27
Cardiocondyla,7,6,0,0,0,0,13
Cataulacus,18,11,0,0,0,0,29
Crematogaster,53,6,4,0,1,18,82
Meranoplus,11,1,0,0,0,2,14
Monomorium,28,0,8,0,0,1,37
Nesomyrmex,9,3,5,0,0,0,17
Pheidole,20,33,6,11,3,5,78
Royidris,5,0,4,0,1,0,10
Strumigenys,33,2,78,0,110,0,223
Syllophopsis,8,0,6,0,0,0,14
Terataner,8,8,0,0,0,0,16
Tetramorium,66,13,12,7,3,4,105
Anochetus,20,0,2,3,1,3,29
Bothroponera,19,0,0,5,0,3,27
Hypoponera,7,16,0,0,0,0,23
Leptogenys,10,1,6,13,0,8,38
Odontomachus,12,0,0,0,0,2,14
Pachycondyla,8,0,2,1,0,2,13
Platythyrea,7,8,0,2,0,1,18
Tetraponera,36,1,2,2,0,2,43
