genus,n,border_brightness,warm_cool,border_r,border_g,border_b,width,height,aspect,file_bytes,dark_frac,rights_year_end,scalebar_frac_width
Mystrium,44,160.63,3.0,161.5,160.5,152.5,1024.0,771.0,1.3476,162419.0,0.1087,2007.0,0.1934
Tapinoma,15,162.44,4.0,164.0,168.0,162.0,1024.0,735.0,1.3932,148956.0,0.0526,2007.0,0.1469
Technomyrmex,35,176.71,8.0,186.0,178.0,168.0,1024.0,733.0,1.397,156910.0,0.0673,2008.0,0.1775
Lioponera,14,167.395,25.5,170.5,166.0,143.5,1024.0,675.5,1.5895,175405.0,0.1193,2007.0,0.1484
Camponotus,238,163.545,7.0,165.0,162.5,155.0,1024.0,736.5,1.4222,162779.5,0.1055,2008.0,0.1597
Nylanderia,20,149.015,7.0,147.5,145.0,138.0,1024.0,731.5,1.3999,144974.0,0.011,2007.0,0.1797
Aphaenogaster,27,181.74,19.0,212.0,213.0,193.0,1024.0,771.0,1.3281,179830.0,0.159,2008.0,0.1602
Cardiocondyla,13,182.92,12.0,190.0,186.0,175.0,1024.0,678.0,1.5103,144542.0,0.1082,2008.0,0.124
Cataulacus,29,200.76,1.0,211.0,214.0,213.0,1024.0,731.0,1.4008,164894.0,0.3051,2008.0,0.1777
Crematogaster,82,179.155,6.0,185.5,182.5,173.0,1024.0,659.0,1.6572,156356.5,0.1336,2008.0,0.1633
Meranoplus,14,207.09,3.0,214.5,215.0,210.5,1024.0,676.5,1.5273,182437.5,0.1193,2008.0,0.1826
Monomorium,37,173.52,5.0,182.0,179.0,175.0,1024.0,767.0,1.3351,165532.0,0.0772,2008.0,0.1338
Nesomyrmex,17,183.8,8.0,191.0,195.0,182.0,1024.0,723.0,1.4163,160650.0,0.0546,2008.0,0.1684
Pheidole,78,186.55,5.0,198.5,192.0,180.0,1024.0,743.5,1.4047,167070.0,0.0712,2008.0,0.1768
Royidris,10,170.935,3.5,179.0,178.0,174.5,1024.0,795.0,1.3404,165776.0,0.0575,2008.0,0.1625
Strumigenys,223,165.22,2.0,154.0,153.0,151.0,1024.0,667.0,1.573,145119.0,0.0044,2007.0,0.2295
Syllophopsis,14,187.0,3.0,192.0,191.5,183.5,1024.0,771.0,1.3281,176527.5,0.0552,2008.0,0.1924
Terataner,16,205.645,2.0,214.5,215.5,209.5,1024.0,771.0,1.3281,190730.5,0.2302,2008.0,0.1856
Tetramorium,105,164.88,5.0,166.0,162.0,155.0,1024.0,751.0,1.3727,157233.0,0.0727,2008.0,0.1831
Anochetus,29,144.19,8.0,151.0,148.0,139.0,1024.0,705.0,1.4713,141412.0,0.0453,2007.0,0.1611
Bothroponera,27,172.76,8.0,178.0,175.0,166.0,1024.0,753.0,1.369,167030.0,0.1427,2008.0,0.1729
Hypoponera,23,166.68,22.0,161.0,151.0,138.0,1024.0,701.0,1.687,155349.0,0.0542,2008.0,0.1895
Leptogenys,38,161.58,22.5,163.0,157.5,145.5,1024.0,658.5,1.5989,153924.5,0.0962,2008.0,0.1106
Odontomachus,14,153.25,6.0,153.5,153.0,147.5,1024.0,754.0,1.3586,167444.0,0.0458,2008.0,0.1426
Pachycondyla,13,156.71,4.0,163.0,162.0,157.0,1024.0,808.0,1.1832,146710.0,0.1502,2008.0,0.1607
Platythyrea,18,160.25,9.5,164.0,153.0,136.0,1024.0,720.5,1.4728,145390.5,0.0963,2008.0,0.1308
Tetraponera,43,182.0,14.0,186.0,181.0,165.0,1024.0,694.0,1.4905,143256.0,0.1305,2008.0,0.1594
