genus,n,B1 67-150,B2 150-167,B3 167-190,B4 190-238
Mystrium,44,31.8,22.7,18.2,27.3
Tapinoma,15,33.3,33.3,26.7,6.7
Technomyrmex,35,14.3,25.7,31.4,28.6
Lioponera,14,7.1,42.9,42.9,7.1
Camponotus,238,31.9,21.0,20.6,26.5
Nylanderia,20,50.0,40.0,10.0,0.0
Aphaenogaster,27,7.4,14.8,29.6,48.1
Cardiocondyla,13,23.1,15.4,15.4,46.2
Cataulacus,29,6.9,6.9,27.6,58.6
Crematogaster,82,19.5,19.5,23.2,37.8
Meranoplus,14,35.7,0.0,7.1,57.1
Monomorium,37,24.3,13.5,51.4,10.8
Nesomyrmex,17,23.5,5.9,29.4,41.2
Pheidole,78,29.5,12.8,10.3,47.4
Royidris,10,30.0,10.0,50.0,10.0
Strumigenys,223,21.5,35.9,35.0,7.6
Syllophopsis,14,7.1,28.6,21.4,42.9
Terataner,16,0.0,18.8,12.5,68.8
Tetramorium,105,21.9,32.4,15.2,30.5
Anochetus,29,65.5,27.6,3.4,3.4
Bothroponera,27,0.0,33.3,55.6,11.1
Hypoponera,23,26.1,26.1,43.5,4.3
Leptogenys,38,23.7,39.5,28.9,7.9
Odontomachus,14,50.0,35.7,7.1,7.1
Pachycondyla,13,30.8,46.2,15.4,7.7
Platythyrea,18,38.9,27.8,11.1,22.2
Tetraponera,43,16.3,11.6,30.2,41.9
