genus,2000-2008,2000-2007,2000-2012,2000-2010,2000-2019,2000-2026,2000-2009,2000-2021,2000-2022,2000-2023,total
Mystrium,13,26,5,0,0,0,0,0,0,0,44
Tapinoma,6,8,0,0,0,0,0,0,1,0,15
Technomyrmex,21,13,0,0,0,1,0,0,0,0,35
Lioponera,4,9,1,0,0,0,0,0,0,0,14
Camponotus,133,82,11,5,3,2,1,0,0,1,238
Nylanderia,9,11,0,0,0,0,0,0,0,0,20
Aphaenogaster,21,5,1,0,0,0,0,0,0,0,27
Cardiocondyla,9,3,1,0,0,0,0,0,0,0,13
Cataulacus,26,2,1,0,0,0,0,0,0,0,29
Crematogaster,57,16,4,5,0,0,0,0,0,0,82
Meranoplus,11,2,1,0,0,0,0,0,0,0,14
Monomorium,33,3,0,1,0,0,0,0,0,0,37
Nesomyrmex,11,1,5,0,0,0,0,0,0,0,17
Pheidole,59,2,2,2,13,0,0,0,0,0,78
Royidris,6,1,3,0,0,0,0,0,0,0,10
Strumigenys,22,200,0,1,0,0,0,0,0,0,223
Syllophopsis,11,1,2,0,0,0,0,0,0,0,14
Terataner,15,1,0,0,0,0,0,0,0,0,16
Tetramorium,63,32,3,7,0,0,0,0,0,0,105
Anochetus,11,17,1,0,0,0,0,0,0,0,29
Bothroponera,18,9,0,0,0,0,0,0,0,0,27
Hypoponera,18,5,0,0,0,0,0,0,0,0,23
Leptogenys,21,17,0,0,0,0,0,0,0,0,38
Odontomachus,11,3,0,0,0,0,0,0,0,0,14
Pachycondyla,6,3,2,1,0,0,0,1,0,0,13
Platythyrea,11,7,0,0,0,0,0,0,0,0,18
Tetraponera,31,12,0,0,0,0,0,0,0,0,43
