genus,n,type,not a type
Mystrium,44,27.3,72.7
Tapinoma,15,26.7,73.3
Technomyrmex,35,28.6,71.4
Lioponera,14,57.1,42.9
Camponotus,238,58.4,41.6
Nylanderia,20,80.0,20.0
Aphaenogaster,27,63.0,37.0
Cardiocondyla,13,46.2,53.8
Cataulacus,29,37.9,62.1
Crematogaster,82,35.4,64.6
Meranoplus,14,21.4,78.6
Monomorium,37,24.3,75.7
Nesomyrmex,17,47.1,52.9
Pheidole,78,74.4,25.6
Royidris,10,50.0,50.0
Strumigenys,223,85.2,14.8
Syllophopsis,14,42.9,57.1
Terataner,16,50.0,50.0
Tetramorium,105,37.1,62.9
Anochetus,29,31.0,69.0
Bothroponera,27,29.6,70.4
Hypoponera,23,69.6,30.4
Leptogenys,38,73.7,26.3
Odontomachus,14,14.3,85.7
Pachycondyla,13,38.5,61.5
Platythyrea,18,61.1,38.9
Tetraponera,43,16.3,83.7
