variable,type,measure,value,raw_value,null_mean,null_p99,perm_p,n,levels,description,anova_p,effect
dark_frac,numeric,eta squared (ANOVA),0.341491440460443,,0.020884088987859047,0.03794094156692802,0.000999000999000999,1236,,dark-pixel share (ant + pin size proxy; partly the ant itself),3.0894285747197867e-91,0.5843726896942079
scalebar_style,categorical,Cramer's V (bias-corrected),0.5482138756328669,0.5666607301255938,0.025576098385962885,0.11698564116594834,0.000999000999000999,1236,3.0,scale bar style: black bar / thin line / none detected,,0.5482138756328669
scalebar_frac_width,numeric,eta squared (ANOVA),0.24543747779443595,,0.02257688502435715,0.039684856229079184,0.000999000999000999,1143,,scale bar length / image width (status found only; also tracks ant size),6.342085746148994e-52,0.4954164690383596
type_status,categorical,Cramer's V (bias-corrected),0.4585082607766456,0.48003262793670964,0.02268682947517698,0.0855856915340137,0.000999000999000999,1236,6.0,typeStatus (non-types as 'not a type'),,0.4585082607766456
is_type,categorical,Cramer's V (bias-corrected),0.41402021561249625,0.4385505384499445,0.029482458504022393,0.12103618826144004,0.000999000999000999,1236,2.0,type specimen yes/no,,0.41402021561249625
border_r,numeric,eta squared (ANOVA),0.15225906881606768,,0.021118302491724486,0.0357501452851367,0.000999000999000999,1236,,background median R,4.2498386867144445e-29,0.3902038810879098
warm_cool,numeric,eta squared (ANOVA),0.14221937644513777,,0.02079830069330716,0.03585362647497076,0.000999000999000999,1236,,background R - B,2.334193468376434e-26,0.37711984361093726
border_g,numeric,eta squared (ANOVA),0.14027970335853307,,0.0210793989982661,0.03872643250583279,0.000999000999000999,1236,,background median G,7.771058302257474e-26,0.3745393215118181
border_b,numeric,eta squared (ANOVA),0.12536307996246093,,0.02135523692796278,0.03690751854247887,0.000999000999000999,1236,,background median B,6.741062998249984e-22,0.3540664908777177
rights_year_end,numeric,eta squared (ANOVA),0.12491868121890068,,0.021393741136379592,0.046524086449369895,0.000999000999000999,1236,,end year of the rightsHolder range,8.787251736816668e-22,0.3534383697604162
file_bytes,numeric,eta squared (ANOVA),0.12127575657746598,,0.020943846166179406,0.04299859216911522,0.000999000999000999,1236,,file size (bytes),7.631050075939714e-21,0.3482466892555706
border_brightness,numeric,eta squared (ANOVA),0.11303426684518086,,0.021157467860542106,0.03617986811747805,0.000999000999000999,1236,,background brightness (mean luminance of the 5 % border),9.386085498071465e-19,0.33620569127422706
height,numeric,eta squared (ANOVA),0.11020135155838827,,0.02121472471228121,0.03640604412252508,0.000999000999000999,1236,,image height (px),4.782111156946497e-18,0.33196588914885256
aspect,numeric,eta squared (ANOVA),0.11008529538738139,,0.021556327259644154,0.03767610489491482,0.000999000999000999,1236,,aspect ratio,5.110488946441366e-18,0.3317910417527595
warm_cool_band,categorical,Cramer's V (bias-corrected),0.3109015678775952,0.3428642332222257,0.024477547639982958,0.09706626651596029,0.000999000999000999,1236,3.0,background warm/cool (R - B of border median),,0.3109015678775952
brightness_band,categorical,Cramer's V (bias-corrected),0.24906209555429304,0.2879824199093666,0.023499999472492275,0.08989684266220503,0.000999000999000999,1236,4.0,"background brightness, quartile bands",,0.24906209555429304
rights_years,categorical,Cramer's V (bias-corrected),0.23706527668938276,0.27720574080040117,0.029097893718796577,0.12333479883021899,0.000999000999000999,1236,10.0,year range in rightsHolder,,0.23706527668938276
creator,categorical,Cramer's V (bias-corrected),0.21653388349078456,0.2593379689244159,0.023320446708726763,0.08907151729236731,0.000999000999000999,1236,19.0,photographer (creator),,0.21653388349078456
source3,categorical,Cramer's V (bias-corrected),0.1740822165408473,0.22651307553887676,0.025740527614872773,0.11062712823296612,0.000999000999000999,1236,3.0,image source: commons original / commons thumbnail / gbif cache,,0.1740822165408473
width,numeric,eta squared (ANOVA),0.01979580772976956,,0.020474453448762763,0.036538370838912794,0.5184815184815185,1236,,image width (px),0.5524039807209304,0.14069757542249817
