group,n,correct,rate,ci_low,ci_high
"Strumigenys, thin-line scale bar (its typical setup)",171,168,0.9824561403508771,0.9496953644770504,0.994015971955469
"Strumigenys, other scale bar or none",52,52,1.0,0.9312054095871178,1.0
"Other genera, thin-line scale bar",28,27,0.9642857142857143,0.8228742388150135,0.9936676435024582
"Other genera, other scale bar or none",985,891,0.9045685279187817,0.8846164858742092,0.9213771131005912
Commons original,1037,966,0.9315332690453231,0.9145153582501123,0.9453657225983089
Commons thumbnail (1280 px),83,79,0.9518072289156626,0.8825396981330589,0.9811016903259284
GBIF cache (square crops),116,93,0.8017241379310345,0.7200161148585192,0.8640882362182353
"Commons images, April Nobile",1017,948,0.9321533923303835,0.9150145325996745,0.9460397191079363
"Commons images, other photographers",103,97,0.941747572815534,0.8786962955660569,0.973031870242018
Background brightness typical for the genus (closer half),618,584,0.9449838187702265,0.9241037260933727,0.9603658880334405
Background brightness atypical for the genus (further half),618,554,0.8964401294498382,0.869917919443043,0.9180641004153905
"Commons images, typical background (closer half)",585,556,0.9504273504273504,0.9297119632678231,0.9652655654937318
"Commons images, atypical background (further half)",535,489,0.914018691588785,0.8872133006150766,0.9349206994324326
Other genera with thin-line bar predicted as Strumigenys,28,0,0.0,0.0,0.12064720365810762
