genus,n,recall_non_ant_logreg,recall_non_ant_forest,recall_bioclip_logreg
Strumigenys,223,0.767,0.695,0.987
Bothroponera,27,0.259,0.481,0.852
Lioponera,14,0.071,0.357,1.0
Anochetus,29,0.207,0.345,0.966
Pheidole,78,0.218,0.321,0.949
Syllophopsis,14,0.429,0.286,0.786
Hypoponera,23,0.304,0.261,0.957
Terataner,16,0.188,0.25,1.0
Aphaenogaster,27,0.111,0.222,0.926
Platythyrea,18,0.0,0.222,1.0
Meranoplus,14,0.143,0.214,1.0
Cataulacus,29,0.276,0.207,0.931
Nylanderia,20,0.15,0.2,1.0
Monomorium,37,0.027,0.162,0.865
Leptogenys,38,0.079,0.158,0.921
Pachycondyla,13,0.154,0.154,0.231
Odontomachus,14,0.286,0.143,1.0
Tapinoma,15,0.0,0.133,0.733
Tetramorium,105,0.01,0.124,0.886
Nesomyrmex,17,0.235,0.118,0.647
Tetraponera,43,0.023,0.116,0.93
Mystrium,44,0.068,0.114,0.977
Crematogaster,82,0.037,0.073,0.854
Technomyrmex,35,0.0,0.057,0.743
Camponotus,238,0.008,0.029,0.958
Cardiocondyla,13,0.0,0.0,0.923
Royidris,10,0.3,0.0,0.8
