k,genus,specimen_code,kind,tier,area,area_frac,radius,solidity,edge,edge_needed,background_share,median_lum,median_chroma,accepted,failed,length,width,elongation,straight,width_cv,touches_border
1,Camponotus,casent0102441,card,cream,378,0.001,3.606,0.592,35.0,70.0,0.0,179.089,63.0,False,"area,radius,solidity,edge,background",,,,,,
1,Camponotus,casent0102441,card,white,160,0.0,4.472,0.8,20.0,50.0,0.0,162.786,16.0,False,"area,radius,edge,background",,,,,,
1,Camponotus,casent0102441,card,white,154,0.0,5.0,0.87,18.0,50.0,0.0,180.984,30.0,False,"area,radius,edge,background",,,,,,
1,Camponotus,casent0102441,card,white,4551,0.006,12.806,0.689,81.0,50.0,0.048,180.102,37.0,False,background,,,,,,
1,Camponotus,casent0102441,card,white,625,0.001,6.083,0.811,46.0,50.0,0.0,167.044,11.0,False,"area,radius,edge,background",,,,,,
1,Camponotus,casent0102441,card,white,715,0.001,7.0,0.569,57.0,50.0,0.718,190.229,49.0,False,"area,radius",,,,,,
1,Camponotus,casent0102441,pin,,11473,,,,,,,82.85,15.0,True,,201.148,57.038,3.527,1.0,0.02,True
1,Camponotus,casent0102441,pin,,341,,,,,,,143.632,19.0,False,"length,elongation,border,lum",31.014,10.995,2.821,0.974,0.228,False
1,Camponotus,casent0102441,pin,,9469,,,,,,,58.687,8.0,False,"elongation,even_width,border",152.333,62.16,2.451,0.901,0.424,False
1,Camponotus,casent0102441,pin,,3010,,,,,,,79.231,8.0,False,"straight,border",169.954,17.711,9.596,0.609,0.185,False
1,Camponotus,casent0102441,pin,,21809,,,,,,,85.033,11.0,False,"straight,even_width,border",425.177,51.294,8.289,0.713,0.431,False
1,Camponotus,casent0102441,pin,,5954,,,,,,,74.854,5.0,False,"elongation,even_width,border",125.839,47.314,2.66,0.937,0.257,False
2,Syllophopsis,casent0044971,card,cream,3843,0.005,18.385,0.732,50.0,70.0,0.147,180.113,85.0,False,"area,edge,background",,,,,,
2,Syllophopsis,casent0044971,card,cream,517,0.001,9.487,0.866,28.0,70.0,0.0,183.858,88.0,False,"area,radius,edge,background",,,,,,
2,Syllophopsis,casent0044971,card,cream,180,0.0,4.243,0.726,21.0,70.0,0.0,170.309,90.0,False,"area,radius,edge,background",,,,,,
2,Syllophopsis,casent0044971,card,cream,726,0.001,12.649,0.875,26.0,70.0,0.0,203.029,73.0,False,"area,radius,edge,background",,,,,,
2,Syllophopsis,casent0044971,card,cream,1169,0.001,14.318,0.87,46.0,70.0,0.0,199.009,82.0,False,"area,radius,edge,background",,,,,,
2,Syllophopsis,casent0044971,card,cream,4553,0.006,25.71,0.904,47.0,70.0,0.182,188.21,78.0,False,"area,edge",,,,,,
2,Syllophopsis,casent0044971,card,cream,579,0.001,6.083,0.793,62.0,70.0,0.0,212.864,87.0,False,"area,radius,edge,background",,,,,,
2,Syllophopsis,casent0044971,card,cream,334,0.0,5.831,0.763,30.0,70.0,0.0,173.219,87.0,False,"area,radius,edge,background",,,,,,
2,Syllophopsis,casent0044971,card,cream,2827,0.004,18.974,0.82,47.0,70.0,0.11,194.276,68.0,False,"area,edge,background",,,,,,
2,Syllophopsis,casent0044971,card,cream,382,0.0,6.083,0.814,28.0,70.0,0.258,172.309,91.0,False,"area,radius,edge",,,,,,
2,Syllophopsis,casent0044971,card,cream,2137,0.003,15.297,0.808,42.0,70.0,0.0,185.309,74.0,False,"area,radius,edge,background",,,,,,
2,Syllophopsis,casent0044971,card,cream,1150,0.001,11.314,0.821,37.0,70.0,0.0,202.858,86.0,False,"area,radius,edge,background",,,,,,
2,Syllophopsis,casent0044971,card,cream,217,0.0,5.385,0.819,26.0,70.0,0.492,169.812,73.0,False,"area,radius,edge",,,,,,
2,Syllophopsis,casent0044971,card,cream,1905,0.002,8.485,0.763,80.0,70.0,0.281,183.13,82.0,False,"area,radius",,,,,,
2,Syllophopsis,casent0044971,card,cream,412,0.001,7.071,0.767,34.0,70.0,0.0,192.499,85.0,False,"area,radius,edge,background",,,,,,
2,Syllophopsis,casent0044971,card,cream,274,0.0,5.385,0.797,22.0,70.0,0.0,169.523,85.0,False,"area,radius,edge,background",,,,,,
2,Syllophopsis,casent0044971,card,cream,208,0.0,7.0,0.881,18.0,70.0,0.0,172.836,85.0,False,"area,radius,edge,background",,,,,,
2,Syllophopsis,casent0044971,card,white,1272,0.002,9.22,0.902,59.0,50.0,0.065,202.06,6.0,False,background,,,,,,
2,Syllophopsis,casent0044971,card,cream,294,0.0,5.099,0.746,33.0,70.0,0.234,163.018,85.0,False,"area,radius,edge",,,,,,
2,Syllophopsis,casent0044971,card,cream,162,0.0,5.0,0.818,16.0,70.0,0.041,164.034,89.0,False,"area,radius,edge,background",,,,,,
2,Syllophopsis,casent0044971,card,cream,165,0.0,3.162,0.696,25.0,70.0,0.286,160.053,87.0,False,"area,radius,edge",,,,,,
2,Syllophopsis,casent0044971,card,cream,4250,0.005,23.707,0.888,56.0,70.0,0.553,201.055,73.0,False,"area,edge",,,,,,
2,Syllophopsis,casent0044971,card,cream,420,0.001,4.0,0.565,53.0,70.0,0.043,202.676,90.0,False,"area,radius,solidity,edge,background",,,,,,
2,Syllophopsis,casent0044971,card,cream,472,0.001,7.211,0.864,30.0,70.0,0.344,191.916,89.0,False,"area,radius,edge",,,,,,
2,Syllophopsis,casent0044971,card,cream,494,0.001,9.055,0.843,25.0,70.0,0.726,194.82,66.0,False,"area,radius,edge",,,,,,
2,Syllophopsis,casent0044971,card,cream,172,0.0,3.606,0.741,22.0,70.0,0.561,174.98,79.0,False,"area,radius,edge",,,,,,
2,Syllophopsis,casent0044971,card,cream,163,0.0,4.123,0.791,23.0,70.0,0.538,167.33,82.0,False,"area,radius,edge",,,,,,
2,Syllophopsis,casent0044971,card,cream,377,0.0,5.0,0.627,40.0,70.0,0.826,189.915,74.0,False,"area,radius,edge",,,,,,
2,Syllophopsis,casent0044971,card,cream,343,0.0,4.472,0.656,31.0,70.0,0.485,173.44,60.0,False,"area,radius,edge",,,,,,
2,Syllophopsis,casent0044971,card,cream,685,0.001,6.0,0.585,73.0,70.0,0.816,190.718,74.0,False,"area,radius,solidity",,,,,,
2,Syllophopsis,casent0044971,card,cream,242,0.0,5.0,0.832,34.0,70.0,0.875,184.077,77.0,False,"area,radius,edge",,,,,,
2,Syllophopsis,casent0044971,pin,,25337,,,,,,,128.095,84.0,False,"width,elongation,straight,even_width,border,chroma",270.249,93.754,2.883,0.783,0.41,False
2,Syllophopsis,casent0044971,pin,,1568,,,,,,,118.76,75.0,False,"length,chroma",93.397,16.788,5.563,1.0,0.134,True
2,Syllophopsis,casent0044971,pin,,7576,,,,,,,174.823,90.0,False,"straight,even_width,border,lum,chroma",457.011,16.577,27.568,0.766,0.432,False
2,Syllophopsis,casent0044971,pin,,6494,,,,,,,168.988,82.0,False,"straight,even_width,border,lum,chroma",422.057,15.387,27.43,0.789,0.333,False
2,Syllophopsis,casent0044971,pin,,13909,,,,,,,174.773,81.0,False,"straight,even_width,border,lum,chroma",351.062,39.62,8.861,0.53,0.644,False
2,Syllophopsis,casent0044971,pin,,6978,,,,,,,176.921,87.0,False,"even_width,border,lum,chroma",410.19,17.012,24.112,0.96,0.411,False
2,Syllophopsis,casent0044971,pin,,5482,,,,,,,130.378,60.0,False,"border,lum,chroma",182.415,30.052,6.07,0.932,0.247,False
3,Odontomachus,casent0005967,card,cream,2908,0.004,7.0,0.548,186.0,70.0,0.895,204.171,63.0,False,"area,radius,solidity",,,,,,
3,Odontomachus,casent0005967,card,cream,219,0.0,4.243,0.82,28.0,70.0,0.906,182.275,63.0,False,"area,radius,edge",,,,,,
3,Odontomachus,casent0005967,card,cream,153,0.0,3.162,0.754,30.0,70.0,0.203,171.04,68.0,False,"area,radius,edge",,,,,,
3,Odontomachus,casent0005967,card,white,379,0.0,3.606,0.745,56.0,50.0,0.547,219.351,13.0,False,"area,radius",,,,,,
3,Odontomachus,casent0005967,card,white,1708,0.002,11.402,0.497,70.0,50.0,0.486,211.066,14.0,True,,,,,,,
3,Odontomachus,casent0005967,card,white,635,0.001,6.708,0.813,29.0,50.0,0.0,178.365,14.0,False,"area,radius,edge,background",,,,,,
3,Odontomachus,casent0005967,card,white,977,0.001,4.472,0.473,105.0,50.0,0.097,188.923,39.0,False,"radius,background",,,,,,
3,Odontomachus,casent0005967,card,white,339,0.0,5.385,0.717,32.0,50.0,0.471,195.111,41.0,False,"area,radius,edge",,,,,,
3,Odontomachus,casent0005967,card,white,508,0.001,8.062,0.84,29.0,50.0,0.204,184.111,22.0,False,"area,edge",,,,,,
3,Odontomachus,casent0005967,card,cream,394,0.0,3.606,0.777,64.0,70.0,0.39,180.841,61.0,False,"area,radius,edge",,,,,,
3,Odontomachus,casent0005967,card,white,2880,0.004,10.817,0.643,97.0,50.0,0.133,194.188,25.0,False,background,,,,,,
3,Odontomachus,casent0005967,card,white,353,0.0,4.472,0.738,26.0,50.0,0.0,178.786,32.0,False,"area,radius,edge,background",,,,,,
3,Odontomachus,casent0005967,card,white,637,0.001,4.472,0.421,64.0,50.0,0.639,185.193,49.0,False,"area,radius,solidity",,,,,,
3,Odontomachus,casent0005967,card,cream,407,0.001,3.606,0.63,76.0,70.0,0.218,176.73,52.0,False,"area,radius",,,,,,
3,Odontomachus,casent0005967,card,white,681,0.001,5.0,0.592,52.0,50.0,0.255,178.753,40.0,False,"area,radius",,,,,,
3,Odontomachus,casent0005967,card,white,3248,0.004,7.28,0.708,134.0,50.0,0.351,183.268,48.0,False,radius,,,,,,
3,Odontomachus,casent0005967,card,white,175,0.0,4.0,0.764,25.0,50.0,0.492,164.971,29.0,False,"area,radius,edge",,,,,,
3,Odontomachus,casent0005967,card,cream,3903,0.005,10.0,0.547,128.0,70.0,0.392,179.948,55.0,False,"area,radius,solidity",,,,,,
3,Odontomachus,casent0005967,card,cream,163,0.0,4.123,0.632,29.0,70.0,0.433,181.96,59.0,False,"area,radius,edge",,,,,,
3,Odontomachus,casent0005967,card,cream,621,0.001,5.099,0.503,84.0,70.0,0.581,190.058,68.0,False,"area,radius,solidity",,,,,,
3,Odontomachus,casent0005967,card,cream,556,0.001,9.22,0.697,34.0,70.0,0.56,190.094,58.0,False,"area,radius,edge",,,,,,
3,Odontomachus,casent0005967,card,cream,320,0.0,4.0,0.777,56.0,70.0,0.543,196.967,73.0,False,"area,radius,edge",,,,,,
3,Odontomachus,casent0005967,card,cream,518,0.001,5.0,0.787,47.0,70.0,0.608,196.205,59.0,False,"area,radius,edge",,,,,,
3,Odontomachus,casent0005967,pin,,4561,,,,,,,192.188,59.0,False,"straight,border,lum,chroma",420.729,10.841,38.81,0.337,0.105,False
3,Odontomachus,casent0005967,pin,,67452,,,,,,,142.778,41.0,False,"width,straight,even_width,lum,chroma",731.83,92.169,7.94,0.395,0.28,True
3,Odontomachus,casent0005967,pin,,2944,,,,,,,97.677,17.0,False,"length,elongation,even_width,border",86.224,34.144,2.525,0.949,0.326,False
3,Odontomachus,casent0005967,pin,,9458,,,,,,,96.262,19.0,False,"straight,even_width,border",198.014,47.764,4.146,0.877,0.449,False
3,Odontomachus,casent0005967,pin,,1027,,,,,,,150.849,32.0,False,"lum,chroma",114.135,8.998,12.684,1.0,0.049,True
3,Odontomachus,casent0005967,pin,,459,,,,,,,149.704,15.0,False,"length,border,lum",37.627,12.199,3.085,0.991,0.125,False
3,Odontomachus,casent0005967,pin,,6789,,,,,,,123.94,37.0,False,"border,chroma",186.357,36.43,5.115,0.981,0.051,False
3,Odontomachus,casent0005967,pin,,540,,,,,,,162.975,77.0,False,"length,straight,border,lum,chroma",71.301,7.574,9.415,0.824,0.079,False
4,Terataner,casent0101703,card,white,430,0.001,7.211,0.876,25.0,50.0,0.0,193.015,13.0,False,"area,radius,edge,background",,,,,,
4,Terataner,casent0101703,card,cream,1535,0.002,7.0,0.489,96.0,70.0,0.511,189.319,76.0,False,"area,radius,solidity",,,,,,
4,Terataner,casent0101703,card,cream,298,0.0,5.831,0.816,25.0,70.0,0.0,167.757,69.0,False,"area,radius,edge,background",,,,,,
4,Terataner,casent0101703,card,cream,573,0.001,9.0,0.893,25.0,70.0,0.0,165.355,77.0,False,"area,radius,edge,background",,,,,,
4,Terataner,casent0101703,card,cream,718,0.001,7.071,0.743,53.0,70.0,0.0,166.737,68.0,False,"area,radius,edge,background",,,,,,
4,Terataner,casent0101703,card,white,561,0.001,7.28,0.855,36.0,50.0,0.0,163.883,29.0,False,"area,radius,edge,background",,,,,,
4,Terataner,casent0101703,card,cream,1314,0.002,13.153,0.889,39.0,70.0,0.0,182.806,59.0,False,"area,radius,edge,background",,,,,,
4,Terataner,casent0101703,card,cream,367,0.0,4.243,0.58,36.0,70.0,0.0,161.144,69.0,False,"area,radius,solidity,edge,background",,,,,,
4,Terataner,casent0101703,card,cream,11006,0.014,23.707,0.758,68.0,70.0,0.418,188.055,57.0,False,edge,,,,,,
4,Terataner,casent0101703,card,white,151,0.0,5.0,0.786,18.0,50.0,0.327,187.943,29.0,False,"area,radius,edge",,,,,,
4,Terataner,casent0101703,card,cream,393,0.0,7.28,0.883,23.0,70.0,0.0,172.897,59.0,False,"area,radius,edge,background",,,,,,
4,Terataner,casent0101703,card,cream,232,0.0,4.0,0.725,28.0,70.0,0.521,189.16,60.0,False,"area,radius,edge",,,,,,
4,Terataner,casent0101703,card,white,150,0.0,4.472,0.92,18.0,50.0,0.0,170.855,33.0,False,"area,radius,edge,background",,,,,,
4,Terataner,casent0101703,card,white,223,0.0,4.123,0.868,20.0,50.0,0.0,173.258,35.0,False,"area,radius,edge,background",,,,,,
4,Terataner,casent0101703,card,cream,795,0.001,6.325,0.719,52.0,70.0,0.376,190.855,58.0,False,"area,radius,edge",,,,,,
4,Terataner,casent0101703,card,cream,181,0.0,4.0,0.9,22.0,70.0,0.0,175.924,61.0,False,"area,radius,edge,background",,,,,,
4,Terataner,casent0101703,pin,,9224,,,,,,,83.005,8.0,False,"even_width,border",186.0,49.591,3.751,0.937,0.293,False
4,Terataner,casent0101703,pin,,1110,,,,,,,113.956,34.0,False,"length,even_width,border,chroma",59.449,18.671,3.184,0.981,0.283,False
4,Terataner,casent0101703,pin,,944,,,,,,,115.966,59.0,False,"length,elongation,border,chroma",48.769,19.357,2.519,0.999,0.108,False
4,Terataner,casent0101703,pin,,1953,,,,,,,202.624,39.0,False,"length,elongation,border,lum,chroma",69.855,27.958,2.499,0.976,0.1,False
4,Terataner,casent0101703,pin,,7132,,,,,,,149.941,61.0,False,"straight,even_width,border,lum,chroma",232.764,30.64,7.597,0.843,0.284,False
5,Pheidole,casent0101624,card,white,757,0.001,6.708,0.618,51.0,50.0,0.827,182.869,34.0,False,radius,,,,,,
5,Pheidole,casent0101624,card,white,417,0.001,6.083,0.732,30.0,50.0,0.054,185.196,40.0,False,"area,radius,edge,background",,,,,,
5,Pheidole,casent0101624,card,cream,221,0.0,4.472,0.754,31.0,70.0,0.235,169.723,70.0,False,"area,radius,edge",,,,,,
5,Pheidole,casent0101624,card,cream,1906,0.003,10.77,0.595,57.0,70.0,0.0,185.042,75.0,False,"area,radius,solidity,edge,background",,,,,,
5,Pheidole,casent0101624,card,cream,332,0.0,4.243,0.542,29.0,70.0,0.402,171.985,73.0,False,"area,radius,solidity,edge",,,,,,
5,Pheidole,casent0101624,card,cream,427,0.001,6.403,0.607,31.0,70.0,0.384,167.374,73.0,False,"area,radius,edge",,,,,,
5,Pheidole,casent0101624,card,cream,247,0.0,3.162,0.815,30.0,70.0,0.159,157.108,74.0,False,"area,radius,edge",,,,,,
5,Pheidole,casent0101624,card,cream,1249,0.002,9.055,0.744,42.0,70.0,0.0,170.842,82.0,False,"area,radius,edge,background",,,,,,
5,Pheidole,casent0101624,card,cream,56422,0.084,39.56,0.738,276.0,142.52,0.169,205.699,75.0,True,,,,,,,
5,Pheidole,casent0101624,card,cream,237,0.0,4.0,0.668,22.0,70.0,0.662,177.919,52.0,False,"area,radius,edge",,,,,,
5,Pheidole,casent0101624,card,cream,836,0.001,10.0,0.747,31.0,70.0,0.0,191.075,80.0,False,"area,radius,edge,background",,,,,,
5,Pheidole,casent0101624,card,cream,1345,0.002,13.416,0.714,39.0,70.0,0.0,207.059,79.0,False,"area,radius,edge,background",,,,,,
5,Pheidole,casent0101624,card,cream,378,0.001,5.0,0.741,44.0,70.0,0.0,161.971,86.0,False,"area,radius,edge,background",,,,,,
5,Pheidole,casent0101624,card,cream,331,0.0,6.708,0.904,26.0,70.0,0.0,213.217,91.0,False,"area,radius,edge,background",,,,,,
5,Pheidole,casent0101624,card,cream,228,0.0,5.0,0.82,28.0,70.0,0.0,183.828,88.0,False,"area,radius,edge,background",,,,,,
5,Pheidole,casent0101624,card,cream,196,0.0,5.0,0.787,22.0,70.0,0.0,191.844,84.0,False,"area,radius,edge,background",,,,,,
5,Pheidole,casent0101624,card,cream,1903,0.003,9.849,0.701,62.0,70.0,0.374,180.275,82.0,False,"area,radius,edge",,,,,,
5,Pheidole,casent0101624,card,cream,400,0.001,4.472,0.733,44.0,70.0,0.434,170.058,63.0,False,"area,radius,edge",,,,,,
5,Pheidole,casent0101624,card,cream,759,0.001,10.77,0.885,22.0,70.0,0.0,206.798,79.0,False,"area,radius,edge,background",,,,,,
5,Pheidole,casent0101624,card,cream,351,0.001,5.657,0.846,26.0,70.0,0.0,175.135,74.0,False,"area,radius,edge,background",,,,,,
5,Pheidole,casent0101624,card,cream,274,0.0,4.472,0.881,20.0,70.0,0.0,183.573,89.0,False,"area,radius,edge,background",,,,,,
5,Pheidole,casent0101624,card,white,294,0.0,5.099,0.803,22.0,50.0,0.644,177.184,35.0,False,"area,radius,edge",,,,,,
5,Pheidole,casent0101624,card,cream,155,0.0,3.606,0.767,25.0,70.0,0.357,169.905,79.0,False,"area,radius,edge",,,,,,
5,Pheidole,casent0101624,card,cream,505,0.001,6.403,0.696,31.0,70.0,0.257,179.556,63.0,False,"area,radius,edge",,,,,,
5,Pheidole,casent0101624,card,cream,1792,0.003,9.055,0.636,80.0,70.0,0.328,172.911,71.0,False,"area,radius",,,,,,
5,Pheidole,casent0101624,card,cream,178,0.0,5.0,0.777,20.0,70.0,0.0,173.314,85.0,False,"area,radius,edge,background",,,,,,
5,Pheidole,casent0101624,card,cream,218,0.0,3.606,0.717,24.0,70.0,0.0,164.898,85.0,False,"area,radius,edge,background",,,,,,
5,Pheidole,casent0101624,card,cream,374,0.001,5.831,0.738,30.0,70.0,0.296,169.215,68.5,False,"area,radius,edge",,,,,,
5,Pheidole,casent0101624,pin,,311,,,,,,,131.998,23.0,False,"length,border,lum",38.386,8.102,4.738,0.994,0.243,False
5,Pheidole,casent0101624,pin,,488,,,,,,,133.969,15.0,False,"length,elongation,border,lum",35.755,13.648,2.62,0.988,0.245,False
5,Pheidole,casent0101624,pin,,527,,,,,,,184.912,31.0,False,"length,even_width,border,lum,chroma",51.209,10.291,4.976,0.913,0.279,False
5,Pheidole,casent0101624,pin,,2847,,,,,,,156.933,86.0,False,"border,lum,chroma",116.275,24.485,4.749,1.0,0.056,False
5,Pheidole,casent0101624,pin,,342,,,,,,,144.974,71.0,False,"length,border,lum,chroma",38.013,8.997,4.225,0.98,0.211,False
5,Pheidole,casent0101624,pin,,351,,,,,,,183.294,101.0,False,"length,elongation,lum,chroma",28.943,12.127,2.387,1.0,0.187,True
5,Pheidole,casent0101624,pin,,555,,,,,,,167.686,103.0,False,"length,elongation,border,lum,chroma",38.184,14.535,2.627,0.993,0.175,False
5,Pheidole,casent0101624,pin,,541,,,,,,,163.039,70.0,False,"length,elongation,border,lum,chroma",30.401,17.796,1.708,1.0,0.068,False
5,Pheidole,casent0101624,pin,,4606,,,,,,,162.861,85.0,False,"border,lum,chroma",168.682,27.306,6.178,0.996,0.11,False
5,Pheidole,casent0101624,pin,,1647,,,,,,,119.05,105.0,False,"length,elongation,even_width,border,chroma",69.913,23.558,2.968,0.949,0.352,False
5,Pheidole,casent0101624,pin,,530,,,,,,,159.726,87.0,False,"length,border,lum,chroma",48.034,11.034,4.353,0.998,0.153,False
5,Pheidole,casent0101624,pin,,5611,,,,,,,143.93,104.0,False,"straight,border,lum,chroma",141.526,39.646,3.57,0.836,0.216,False
5,Pheidole,casent0101624,pin,,448,,,,,,,106.577,37.0,False,"length,elongation,border,chroma",29.898,14.984,1.995,0.987,0.187,False
5,Pheidole,casent0101624,pin,,324,,,,,,,85.263,35.0,False,"length,even_width,border,chroma",34.0,9.529,3.568,1.0,0.26,False
5,Pheidole,casent0101624,pin,,17140,,,,,,,152.936,94.0,False,"straight,even_width,border,lum,chroma",254.906,67.24,3.791,0.844,0.336,False
5,Pheidole,casent0101624,pin,,869,,,,,,,111.113,48.0,False,"length,elongation,border,chroma",40.891,21.252,1.924,0.982,0.197,False
