genus,subfamily,n_specimens,n_species,n_unidentified,n_provinces,provinces,n_with_coords,elev_min,elev_median,elev_max,year_min,year_max,n_without_date
Hypoponera,ponerinae,882,8,856,6,Antananarivo;Antsiranana;Fianarantsoa;Mahajanga;Toamasina;Toliara,882,10,925,2000,1893,2021,17
Pheidole,myrmicinae,685,125,60,6,Antananarivo;Antsiranana;Fianarantsoa;Mahajanga;Toamasina;Toliara,680,5,900,2100,1889,2026,88
Camponotus,formicinae,585,105,5,6,Antananarivo;Antsiranana;Fianarantsoa;Mahajanga;Toamasina;Toliara,584,2,725,2150,1889,2026,225
Tetramorium,myrmicinae,373,102,40,6,Antananarivo;Antsiranana;Fianarantsoa;Mahajanga;Toamasina;Toliara,370,1,775,2000,1893,2026,63
Strumigenys,myrmicinae,330,84,15,6,Antananarivo;Antsiranana;Fianarantsoa;Mahajanga;Toamasina;Toliara,330,1,825,2060,1899,2012,2
Crematogaster,myrmicinae,199,37,2,6,Antananarivo;Antsiranana;Fianarantsoa;Mahajanga;Toamasina;Toliara,194,2,410,2150,1893,2012,81
Carebara,myrmicinae,140,22,0,6,Antananarivo;Antsiranana;Fianarantsoa;Mahajanga;Toamasina;Toliara,140,10,825,1984,1993,2010,4
Leptogenys,ponerinae,138,46,21,6,Antananarivo;Antsiranana;Fianarantsoa;Mahajanga;Toamasina;Toliara,138,2,520,1565,1893,2013,36
Mystrium,amblyoponinae,106,10,0,6,Antananarivo;Antsiranana;Fianarantsoa;Mahajanga;Toamasina;Toliara,106,2,210,1399,1896,2018,20
Nesomyrmex,myrmicinae,86,31,1,6,Antananarivo;Antsiranana;Fianarantsoa;Mahajanga;Toamasina;Toliara,86,10,200,2000,1996,2018,5
Tetraponera,pseudomyrmecinae,62,18,5,5,Antananarivo;Antsiranana;Fianarantsoa;Toamasina;Toliara,60,5,400,1409,1893,2012,35
Monomorium,myrmicinae,52,21,0,6,Antananarivo;Antsiranana;Fianarantsoa;Mahajanga;Toamasina;Toliara,52,10,325,1860,1994,2009,7
Technomyrmex,dolichoderinae,50,11,0,5,Antsiranana;Fianarantsoa;Mahajanga;Toamasina;Toliara,50,10,180,2100,1990,2013,15
Bothroponera,ponerinae,45,5,3,6,Antananarivo;Antsiranana;Fianarantsoa;Mahajanga;Toamasina;Toliara,45,10,725,1620,1981,2026,9
Anochetus,ponerinae,39,4,0,5,Antananarivo;Antsiranana;Fianarantsoa;Toamasina;Toliara,39,8,146,1343,1966,2026,21
Pachycondyla,ponerinae,37,7,11,6,Antananarivo;Antsiranana;Fianarantsoa;Mahajanga;Toamasina;Toliara,37,10,530,1343,1921,2018,5
Aphaenogaster,myrmicinae,36,3,0,6,Antananarivo;Antsiranana;Fianarantsoa;Mahajanga;Toamasina;Toliara,36,6,110,1343,1996,2026,24
Stigmatomma,amblyoponinae,33,6,0,6,Antananarivo;Antsiranana;Fianarantsoa;Mahajanga;Toamasina;Toliara,33,30,1100,1620,1992,2018,0
Vitsika,myrmicinae,32,15,3,4,Antsiranana;Fianarantsoa;Mahajanga;Toamasina,32,10,775,1700,1991,2018,0
Cataulacus,myrmicinae,31,7,0,5,Antananarivo;Antsiranana;Fianarantsoa;Toamasina;Toliara,31,6,425,1343,1888,2012,15
Simopone,dorylinae,31,3,25,6,Antananarivo;Antsiranana;Fianarantsoa;Mahajanga;Toamasina;Toliara,31,10,180,1575,1992,2007,2
Adetomyrma,amblyoponinae,30,4,0,5,Antananarivo;Antsiranana;Fianarantsoa;Toamasina;Toliara,30,600,984,1550,1993,2011,0
Tanipone,dorylinae,30,1,26,4,Antsiranana;Fianarantsoa;Mahajanga;Toliara,30,10,80,990,1993,2010,0
Nylanderia,formicinae,29,3,6,5,Antananarivo;Antsiranana;Fianarantsoa;Mahajanga;Toamasina,29,24,1200,1409,1904,2013,19
Royidris,myrmicinae,27,14,0,4,Antananarivo;Fianarantsoa;Mahajanga;Toliara,27,25,110,1513,1969,2010,0
Prionopelta,amblyoponinae,25,6,0,5,Antananarivo;Antsiranana;Fianarantsoa;Mahajanga;Toamasina,25,25,785,1260,1923,2018,0
Terataner,myrmicinae,24,7,0,4,Antananarivo;Antsiranana;Toamasina;Toliara,24,2,150,1343,1883,2026,8
Proceratium,proceratiinae,22,2,16,6,Antananarivo;Antsiranana;Fianarantsoa;Mahajanga;Toamasina;Toliara,22,8,575,1565,1969,2007,0
Malagidris,myrmicinae,21,6,0,5,Antananarivo;Antsiranana;Fianarantsoa;Toamasina;Toliara,21,25,914,1343,1991,2013,6
Platythyrea,ponerinae,21,4,0,5,Antananarivo;Antsiranana;Fianarantsoa;Toamasina;Toliara,21,12,130,1343,1921,2025,12
Tapinoma,dolichoderinae,21,4,2,6,Antananarivo;Antsiranana;Fianarantsoa;Mahajanga;Toamasina;Toliara,21,10,74,1670,1997,2015,6
Odontomachus,ponerinae,20,2,0,4,Antananarivo;Antsiranana;Fianarantsoa;Toamasina,20,10,672,1343,1990,2007,9
Meranoplus,myrmicinae,19,4,0,4,Antananarivo;Fianarantsoa;Toamasina;Toliara,19,9,600,1550,1959,2006,11
Cardiocondyla,myrmicinae,17,4,0,3,Antananarivo;Fianarantsoa;Mahajanga,17,50,1317,1670,1998,2017,12
Syllophopsis,myrmicinae,17,7,4,5,Antsiranana;Fianarantsoa;Mahajanga;Toamasina;Toliara,17,30,900,1580,1993,2018,0
Paratrechina,formicinae,16,5,0,4,Antananarivo;Antsiranana;Toamasina;Toliara,16,20,180,1410,1893,2014,3
Eutetramorium,myrmicinae,15,3,0,4,Antsiranana;Mahajanga;Toamasina;Toliara,15,12,725,1900,1971,2018,5
Lioponera,dorylinae,15,0,15,3,Antananarivo;Fianarantsoa;Toamasina,15,404,933,1343,1969,2013,13
Metapone,myrmicinae,13,3,0,4,Antsiranana;Fianarantsoa;Toamasina;Toliara,13,25,150,984,1935,2015,0
