specimen_code,x,y
casent0000550,0.1780,-4.7097
casent0000760,0.2276,-4.7150
casent0001385,3.4400,9.0338
casent0002102,0.1670,-4.7100
casent0002219,7.9900,4.2565
casent0002244,8.4876,-0.3555
casent0002257,8.0270,4.3405
casent0002259,7.9732,4.2895
casent0002552,8.7382,1.0354
casent0003120,8.5972,2.1021
casent0003175,2.7585,5.8114
casent0003239,13.6800,12.9763
casent0003240,13.6732,12.9785
casent0003241,13.7054,13.0308
casent0003242,13.7364,13.0506
casent0003243,13.6512,12.4518
casent0003245,13.6929,12.4597
casent0003246,14.0381,12.3030
casent0003280,0.1675,-4.8102
casent0003307,0.2029,-4.7701
casent0003308,0.2792,-4.8755
casent0003309,0.2180,-4.7637
casent0003310,0.2854,-4.9743
casent0003327,7.4411,4.9695
casent0003806,0.2074,-4.8276
casent0003814,-0.8845,1.3638
casent0003992,7.7039,4.6727
casent0004369,13.7055,12.9577
casent0004370,12.2012,10.6525
casent0005445,13.0462,12.1436
casent0005446,12.8055,12.1144
casent0005447,12.8169,12.1640
casent0005448,13.3825,10.9711
casent0005449,13.4092,11.0591
casent0005450,13.3998,11.0339
casent0005451,11.4478,10.6031
casent0005453,11.0512,10.4412
casent0005454,11.0633,10.4886
casent0005455,11.2707,10.6567
casent0005456,11.9726,10.6807
casent0005457,11.1120,10.5525
casent0005458,11.0792,10.5080
casent0005459,11.0780,10.5350
casent0005461,13.4988,11.6143
casent0005462,12.8880,12.1310
casent0005463,12.7898,12.1529
casent0005464,12.8040,12.1350
casent0005465,12.7087,11.3657
casent0005466,12.9252,10.9191
casent0005467,12.4928,10.5553
casent0005468,12.6578,10.4950
casent0005469,12.8833,10.7082
casent0005470,12.7396,10.7685
casent0005472,13.9963,12.2875
casent0005473,13.9595,12.2692
casent0005474,13.9903,12.2945
casent0005478,3.4760,10.5428
casent0005479,3.4659,10.5415
casent0005481,3.4354,10.6001
casent0005483,13.8242,12.1851
casent0005484,12.3988,10.0117
casent0005485,12.3555,10.0040
casent0005486,12.2941,9.8400
casent0005487,11.9576,9.5333
casent0005488,11.9681,9.5572
casent0005489,11.9689,9.5886
casent0005490,12.0467,9.7907
casent0005492,13.7718,12.1844
casent0005493,11.9741,9.5412
casent0005495,11.9757,9.5740
casent0005496,11.9954,9.5521
casent0005497,12.0457,10.0634
casent0005498,12.0126,9.8452
casent0005499,12.1946,10.6682
casent0005500,13.7735,13.1205
casent0005501,12.0242,9.8608
casent0005502,13.8372,13.1860
casent0005503,13.7476,13.1077
casent0005504,13.7693,13.1276
casent0005506,13.8889,12.1439
casent0005507,13.7388,12.1186
casent0005508,11.9875,9.6558
casent0005509,12.1594,9.8455
casent0005510,12.4226,11.0604
casent0005511,12.6681,11.3831
casent0005512,12.2003,10.8916
casent0005513,12.8815,10.5688
casent0005514,12.8563,10.4938
casent0005515,12.6124,11.0641
casent0005516,12.4675,10.6673
casent0005517,13.7430,13.0468
casent0005518,12.2290,9.9441
casent0005519,12.0419,9.5894
casent0005521,12.0379,9.8202
casent0005522,12.0417,9.8197
casent0005523,13.7095,12.3028
casent0005524,12.8248,10.7646
casent0005527,12.2753,10.4252
casent0005528,12.0768,10.0713
casent0005529,12.3494,10.9229
casent0005531,12.0332,10.2325
casent0005532,12.4480,11.1217
casent0005533,11.9923,9.8807
casent0005534,12.0721,10.6227
casent0005535,12.8519,11.3690
casent0005536,12.3116,11.1432
casent0005537,12.9353,11.1531
casent0005538,12.3408,10.7398
casent0005539,12.7277,10.4501
casent0005540,12.5872,10.3188
casent0005541,12.4470,10.3189
casent0005542,12.9772,11.0806
casent0005543,12.9460,10.6635
casent0005544,12.7036,11.1015
casent0005546,12.1996,10.7711
casent0005549,13.7144,13.0804
casent0005551,13.7906,12.9336
casent0005552,12.5501,10.2451
casent0005553,12.3511,9.9512
casent0005556,12.5141,11.1802
casent0005557,12.2479,10.5426
casent0005558,12.1885,10.8031
casent0005559,12.6098,11.1663
casent0005560,12.0558,9.8989
casent0005561,12.0274,9.9710
casent0005562,12.0451,9.8743
casent0005563,11.9949,9.7162
casent0005564,12.5715,10.2743
casent0005565,12.4382,10.6224
casent0005566,12.4074,10.7243
casent0005568,12.3408,11.2649
casent0005569,13.3924,11.7349
casent0005570,13.9010,12.1702
casent0005571,13.3582,11.7653
casent0005572,13.4711,12.0684
casent0005573,12.9225,11.4686
casent0005574,13.0589,11.4474
casent0005575,13.1397,11.4638
casent0005576,13.0698,11.4441
casent0005577,12.7053,11.1579
casent0005578,12.2814,11.2828
casent0005579,12.5278,11.1733
casent0005580,12.4530,11.2451
casent0005581,12.4818,10.8926
casent0005582,12.6750,11.0669
casent0005583,12.5375,10.3218
casent0005584,12.6407,10.8472
casent0005585,12.9937,11.3426
casent0005586,12.3152,11.4832
casent0005587,12.4976,11.4887
casent0005588,12.6271,11.3865
casent0005589,13.0202,11.5156
casent0005590,12.8152,11.4535
casent0005591,12.5804,11.5587
casent0005592,12.8699,11.5851
casent0005593,13.7550,12.1193
casent0005594,13.5805,12.0207
casent0005595,13.8398,12.2185
casent0005596,12.8475,10.4875
casent0005597,12.9278,10.6865
casent0005598,12.9634,10.6116
casent0005599,12.8324,10.5851
casent0005601,12.9668,11.4985
casent0005602,13.3235,11.6319
casent0005603,12.4304,10.4962
casent0005604,12.4053,11.3691
casent0005605,13.7546,12.0749
casent0005608,13.5705,11.9882
casent0005609,12.9181,11.2546
casent0005610,12.7124,10.5443
casent0005611,13.1632,11.3043
casent0005612,12.8132,10.9825
casent0005613,12.2095,10.7794
casent0005614,12.3282,10.2118
casent0005615,12.4889,10.5549
casent0005616,12.4165,10.4310
casent0005617,13.2295,11.5463
casent0005618,13.0441,11.4588
casent0005619,13.1203,11.4495
casent0005620,12.9188,11.2467
casent0005622,12.6265,11.7165
casent0005623,12.6725,11.3906
casent0005624,12.5942,11.3198
casent0005625,13.6584,12.9615
casent0005626,13.7505,13.0653
casent0005627,13.7295,13.0363
casent0005628,13.7532,13.0985
casent0005629,12.9665,11.8200
casent0005630,13.0607,11.1912
casent0005631,13.9081,12.1856
casent0005632,13.9735,12.1766
casent0005633,14.0506,12.2626
casent0005634,13.9696,12.1844
casent0005635,12.6340,10.4776
casent0005636,12.5031,10.2271
casent0005637,12.3052,10.3860
casent0005638,12.7788,10.4754
casent0005639,12.6003,11.3585
casent0005640,13.7287,13.0178
casent0005641,12.6922,11.3628
casent0005642,12.9913,11.1010
casent0005643,13.7580,12.1220
casent0005644,11.3561,10.1354
casent0005645,11.4032,10.0919
casent0005646,11.3849,10.0777
casent0005647,11.4080,10.0775
casent0005889,12.7100,10.8153
casent0005890,12.6277,11.7407
casent0005891,12.7951,11.9595
casent0005892,13.7151,13.0069
casent0005893,13.6543,12.9381
casent0005896,11.9979,9.7419
casent0005897,13.1803,11.0110
casent0005899,13.0889,11.4845
casent0005964,7.8166,3.3121
casent0005965,5.7192,9.4884
casent0005966,5.4994,9.5303
casent0005967,3.5396,10.4933
casent0005968,3.5264,10.5038
casent0005969,3.1593,5.0428
casent0005970,2.7982,5.4147
casent0005986,11.3075,10.4316
casent0005987,12.7787,12.0508
casent0005988,12.8242,11.8128
casent0005989,12.8100,10.8224
casent0005990,12.9241,11.9442
casent0005991,13.1794,12.0991
casent0005992,12.9868,11.8577
casent0005993,11.1051,10.5158
casent0005994,11.1684,10.5491
casent0005995,11.1189,10.5677
casent0005996,13.8179,12.2159
casent0005999,13.8680,12.1550
casent0006000,13.3813,11.0721
casent0006026,12.8992,11.9035
casent0006027,12.8360,10.5971
casent0006028,12.8476,12.0264
casent0006083,0.1048,-4.6013
casent0006839,2.8204,5.5133
casent0007734,5.7416,9.4705
casent0007735,4.1737,5.1970
casent0007736,8.9245,1.5595
casent0008659,2.9605,5.1979
casent0009349,0.2616,-4.6935
casent0009409,3.6041,10.4932
casent0009965,0.1032,-4.6014
casent0009966,0.1402,-4.6841
casent0009967,0.0545,-4.5562
casent0009968,0.0747,-4.5965
casent0009969,0.0593,-4.5686
casent0010765,8.1072,4.8306
casent0010867,7.4180,2.1568
casent0011075,9.1306,-1.0388
casent0012835,3.9244,1.5178
casent0012838,3.6750,1.3472
casent0012841,3.5813,1.2881
casent0012842,3.5849,1.2904
casent0012845,3.6685,1.2256
casent0012850,3.6629,1.2600
casent0012851,3.6560,1.2800
casent0012854,3.8727,1.0330
casent0012858,3.6281,1.2693
casent0012861,3.8355,1.0203
casent0016361,7.4959,4.7453
casent0016783,2.8806,5.2385
casent0017663,3.4648,9.1314
casent0019207,9.3971,2.1036
casent0019273,7.5926,4.0140
casent0020200,7.4246,4.9931
casent0020507,7.5959,4.7211
casent0020786,8.1433,4.6418
casent0023410,8.3445,4.8683
casent0025716,8.1919,4.8392
casent0026710,8.3797,4.9425
casent0027983,-0.8024,-0.5282
casent0029098,-0.7159,-0.4256
casent0031004,-0.7261,-0.3848
casent0031384,-0.7396,-0.3816
casent0033463,5.7918,9.3962
casent0034270,-0.7585,-0.4258
casent0034493,-0.7054,-0.5166
casent0034499,-0.6716,-0.5389
casent0034571,0.0469,-4.4803
casent0035010,7.7944,4.3351
casent0035270,7.9858,4.4633
casent0040756,9.7044,5.9978
casent0041614,7.4947,4.9510
casent0044969,8.2465,4.9528
casent0044971,8.7552,3.6959
casent0045443,8.3404,4.3845
casent0047308,3.5657,10.4626
casent0048678,-0.8842,1.4122
casent0048930,-0.6826,-0.2274
casent0052480,8.0096,4.8647
casent0053815,3.0651,5.0810
casent0053986,7.5434,4.7969
casent0054136,4.0719,3.6101
casent0058901,3.0395,5.3683
casent0060902,8.5535,2.8146
casent0066732,9.0745,-1.0117
casent0067549,12.2331,10.4763
casent0068113,7.2572,3.7186
casent0068950,6.3484,3.0247
casent0069921,12.7453,10.4530
casent0076204,7.8409,4.7267
casent0076558,-0.2319,0.6273
casent0076622,0.1426,-4.6082
casent0076787,-0.7851,-0.4572
casent0077457,-0.7446,0.5866
casent0077516,8.7931,0.6065
casent0077935,7.8886,4.1956
casent0078587,8.1106,4.8888
casent0079066,7.3930,5.0414
casent0097891,2.9026,5.5550
casent0101012,0.9765,1.9081
casent0101013,0.8851,1.8258
casent0101014,3.5632,10.4021
casent0101015,3.4607,10.4820
casent0101016,0.8532,1.7221
casent0101017,0.7843,1.7615
casent0101018,1.1474,2.1102
casent0101019,1.2992,2.2620
casent0101020,1.2677,2.2223
casent0101021,1.2063,2.1690
casent0101022,0.8125,1.7770
casent0101023,0.7884,1.6193
casent0101024,0.7261,1.7083
casent0101025,0.8323,1.8971
casent0101034,-0.7609,-0.0043
casent0101035,-0.7923,0.0679
casent0101039,-0.8008,-0.2554
casent0101040,-0.8010,-0.2397
casent0101041,-0.7931,-0.2350
casent0101045,3.8245,1.0957
casent0101046,3.8213,1.0266
casent0101049,3.7858,1.5222
casent0101050,3.9497,1.5447
casent0101051,3.8874,1.5553
casent0101052,3.3114,1.4041
casent0101053,8.5219,3.8006
casent0101054,8.6419,3.3391
casent0101065,3.5432,9.1849
casent0101066,3.5184,9.1204
casent0101068,3.6101,9.0518
casent0101069,3.5609,9.0809
casent0101070,3.5128,9.1472
casent0101071,3.5175,9.1613
casent0101072,3.3937,9.1075
casent0101073,3.5071,9.0949
casent0101074,3.5558,9.0362
casent0101075,3.4770,9.0921
casent0101077,2.8724,5.7495
casent0101078,2.7812,5.7192
casent0101079,2.8386,5.6939
casent0101080,2.8269,5.7065
casent0101083,3.5167,4.6936
casent0101084,3.7159,4.4750
casent0101085,3.5382,4.6236
casent0101086,3.4018,9.2514
casent0101087,3.3916,9.2116
casent0101095,-2.2769,12.9168
casent0101096,-2.6474,12.6618
casent0101100,-2.7603,12.6355
casent0101101,-2.8332,12.6464
casent0101102,-1.8527,13.1615
casent0101103,-2.0300,12.4531
casent0101104,-1.8169,12.9378
casent0101105,-3.4366,11.4960
casent0101106,-3.5464,11.5285
casent0101107,-3.8345,11.1647
casent0101109,-2.2759,12.2539
casent0101110,-2.1536,12.3150
casent0101112,-3.3978,11.5609
casent0101113,-5.5419,11.1712
casent0101114,-5.4433,11.3496
casent0101115,-5.4736,11.0939
casent0101116,3.4417,9.5079
casent0101117,3.3413,9.1658
casent0101118,3.3671,9.1793
casent0101119,3.2912,9.2019
casent0101120,-4.6061,10.6343
casent0101121,-4.5971,10.7292
casent0101122,-4.6541,10.6522
casent0101123,-4.6073,10.6954
casent0101128,3.9016,4.2160
casent0101129,7.8707,3.2489
casent0101130,-0.7101,0.5487
casent0101131,-0.8349,0.6526
casent0101132,-0.7937,0.8328
casent0101133,-0.3755,1.0215
casent0101137,0.6507,-4.6885
casent0101138,9.7339,2.5408
casent0101139,12.5482,11.7556
casent0101140,8.8240,2.9946
casent0101141,8.8998,2.9268
casent0101142,8.8107,2.9000
casent0101143,8.4498,3.1763
casent0101144,8.7807,3.1802
casent0101145,7.0585,2.3538
casent0101146,6.8371,2.4927
casent0101147,9.3997,2.1890
casent0101148,1.2246,2.1757
casent0101154,3.4817,1.5178
casent0101155,3.4050,1.5057
casent0101156,1.2412,2.1961
casent0101157,1.1734,2.1326
casent0101160,5.2814,2.7735
casent0101161,5.7117,2.5237
casent0101162,5.8263,2.5719
casent0101163,5.3769,2.5355
casent0101164,5.4636,2.3782
casent0101165,5.6531,2.4556
casent0101166,5.5665,2.4411
casent0101167,5.6656,2.5158
casent0101168,5.4430,2.4954
casent0101169,5.4965,2.4222
casent0101171,6.0709,2.6618
casent0101172,5.3872,2.5198
casent0101173,6.0845,2.7005
casent0101174,6.1201,2.6088
casent0101175,-3.7766,10.9674
casent0101176,-4.3654,11.2328
casent0101178,-2.0559,12.8238
casent0101179,-2.1090,12.6793
casent0101180,-2.2294,13.1080
casent0101181,-2.0928,12.8439
casent0101186,-5.6049,11.4020
casent0101193,-5.6459,11.3241
casent0101194,-5.6116,11.2505
casent0101195,-5.6456,11.2678
casent0101196,-5.2898,11.1474
casent0101197,-5.3139,11.2075
casent0101198,-5.5163,11.2588
casent0101202,-5.3175,11.0046
casent0101205,-5.3640,10.9839
casent0101206,-5.4229,10.9447
casent0101208,7.8111,3.2446
casent0101209,7.9731,3.3125
casent0101218,7.6409,3.0445
casent0101219,7.6903,3.0667
casent0101230,10.2262,5.6002
casent0101231,10.2443,5.5915
casent0101236,10.2005,5.6155
casent0101237,10.1247,5.6981
casent0101238,10.3659,5.4744
casent0101239,10.3698,5.4685
casent0101240,8.9778,-0.9190
casent0101241,8.9760,-0.9112
casent0101245,9.0930,-1.0243
casent0101246,9.1123,-1.0554
casent0101247,9.0142,-0.9570
casent0101248,8.9809,-0.9243
casent0101253,11.9215,9.5483
casent0101254,11.8810,9.4985
casent0101255,2.9961,5.4281
casent0101256,2.8681,5.3941
casent0101257,9.2205,2.5436
casent0101258,9.1908,2.5751
casent0101259,8.8989,2.8962
casent0101260,8.8993,2.8821
casent0101265,8.1791,2.6980
casent0101266,8.1811,2.5730
casent0101267,8.0977,2.7121
casent0101268,8.1028,2.7014
casent0101269,8.1022,2.7060
casent0101270,8.0959,2.7276
casent0101277,7.1640,2.2696
casent0101278,7.0541,2.3727
casent0101279,8.9086,1.9728
casent0101280,9.0507,2.2085
casent0101281,9.5165,2.3806
casent0101282,9.5989,2.5070
casent0101285,9.2582,2.2156
casent0101286,9.5348,2.2607
casent0101287,6.8410,2.4920
casent0101288,6.6589,2.5473
casent0101289,9.2229,2.6096
casent0101290,9.3863,2.5573
casent0101291,8.6310,1.3622
casent0101292,8.6207,1.4007
casent0101293,9.7163,2.5457
casent0101294,9.7149,2.5158
casent0101297,7.0740,2.3740
casent0101298,6.9409,2.3133
casent0101299,4.2889,5.2205
casent0101300,4.5961,5.2626
casent0101311,4.2604,5.1593
casent0101312,4.2072,5.1540
casent0101315,4.1131,5.2776
casent0101316,4.1410,5.2717
casent0101318,4.1156,5.1993
casent0101319,3.9662,5.1181
casent0101320,4.1096,5.1818
casent0101321,5.8726,5.1551
casent0101322,5.6813,5.1807
casent0101323,5.8519,5.2543
casent0101324,5.9110,5.1719
casent0101326,5.4744,5.5160
casent0101327,5.1943,5.2210
casent0101328,5.9492,5.9637
casent0101329,5.8712,5.9869
casent0101330,5.7126,5.4579
casent0101331,5.6578,5.4425
casent0101333,5.5770,4.6786
casent0101334,-2.3327,12.6982
casent0101335,-2.2073,13.1671
casent0101336,-2.0006,12.3812
casent0101337,-2.5356,12.9210
casent0101338,-2.3119,12.4586
casent0101339,-2.1812,12.7050
casent0101342,-2.0336,12.3889
casent0101343,-1.8048,12.9413
casent0101346,-1.9478,12.5427
casent0101347,-1.7981,12.7813
casent0101348,-2.0734,12.5570
casent0101349,-1.7941,13.0458
casent0101350,-2.8243,12.7698
casent0101351,-2.8014,12.7789
casent0101352,-2.6355,12.6758
casent0101353,-2.0071,12.8943
casent0101354,-2.1353,12.3046
casent0101356,-1.9784,13.0402
casent0101357,-1.7558,12.6957
casent0101358,-1.9402,12.6256
casent0101359,-1.8220,12.8157
casent0101360,-5.1719,11.2836
casent0101362,-5.5864,11.2634
casent0101363,-5.4290,11.0242
casent0101364,-5.0574,11.2723
casent0101365,3.2686,9.1771
casent0101366,-4.5936,11.4966
casent0101367,-5.4257,11.1918
casent0101368,-4.6229,10.6563
casent0101369,-4.6163,10.6535
casent0101370,-4.6411,10.6650
casent0101373,-5.3040,11.4339
casent0101374,-5.5995,11.4224
casent0101375,-5.6230,11.3711
casent0101376,-5.1939,10.9302
casent0101377,-5.2261,10.9049
casent0101378,-5.3526,11.3875
casent0101379,-3.9508,11.3843
casent0101380,-5.6485,11.3983
casent0101381,-5.2475,11.4227
casent0101382,-5.3353,11.2184
casent0101383,-4.7430,10.7753
casent0101384,-4.5168,11.2179
casent0101386,-5.6615,11.3284
casent0101388,-4.2704,11.2380
casent0101389,-4.2934,11.3056
casent0101390,-5.0032,11.2749
casent0101391,-5.5783,11.3773
casent0101392,-5.5553,11.3887
casent0101393,-5.8048,11.3316
casent0101395,3.5290,1.3229
casent0101396,3.1692,1.4953
casent0101398,-0.1620,0.8287
casent0101401,0.3064,1.3464
casent0101403,-0.4600,0.5996
casent0101404,-0.6128,-0.2831
casent0101405,0.7331,1.6348
casent0101406,-0.3574,0.2882
casent0101407,-0.4190,0.1519
casent0101409,5.9821,4.3885
casent0101410,5.6528,4.4662
casent0101413,-3.5008,12.1518
casent0101416,3.9431,5.3272
casent0101419,5.8172,3.9003
casent0101421,-2.0812,12.2934
casent0101423,-3.6312,11.2104
casent0101424,-4.8184,11.3678
casent0101425,-5.6313,11.4052
casent0101426,-1.7702,13.0948
casent0101427,-1.9416,12.3728
casent0101429,-1.9222,12.4586
casent0101430,-5.1203,11.3547
casent0101431,-5.0986,11.3448
casent0101432,-2.2430,12.6839
casent0101435,-1.5892,12.8063
casent0101436,-1.6469,12.5556
casent0101437,-3.5892,11.3204
casent0101438,-3.5901,11.1362
casent0101439,-2.8767,11.7429
casent0101440,-2.6475,12.3004
casent0101441,-3.4630,11.4798
casent0101448,0.5239,-4.7641
casent0101461,7.5701,2.9889
casent0101467,2.8123,5.5713
casent0101468,2.9719,5.2116
casent0101472,7.1670,4.5270
casent0101473,7.2684,4.5423
casent0101474,7.3438,4.2634
casent0101475,5.5960,3.0965
casent0101476,8.1263,2.7197
casent0101477,-4.2896,11.2204
casent0101478,-4.7181,11.3246
casent0101480,9.7613,2.5743
casent0101481,-4.9943,11.2653
casent0101482,3.3627,9.2291
casent0101483,8.2490,2.7237
casent0101484,7.0292,2.3881
casent0101488,4.1776,5.2265
casent0101492,-2.5535,12.3988
casent0101494,-2.7919,12.1668
casent0101511,-3.8048,11.4160
casent0101512,-3.7027,11.1260
casent0101513,-3.3554,11.1974
casent0101514,-3.5839,11.4249
casent0101516,-3.5893,11.3275
casent0101517,-1.6793,12.6000
casent0101518,-3.7828,11.2260
casent0101519,-1.7251,12.6683
casent0101520,-2.2636,12.7480
casent0101521,-1.6500,12.5007
casent0101524,-1.8729,12.5580
casent0101525,-1.6672,12.5637
casent0101526,-3.1497,11.5424
casent0101527,-3.2380,11.4831
casent0101528,-3.4502,11.4561
casent0101531,-2.5450,12.4674
casent0101532,-2.7200,11.7407
casent0101533,-2.7181,12.4459
casent0101534,-3.7356,11.2827
casent0101535,-2.0130,12.8490
casent0101538,-3.7800,11.3451
casent0101539,-3.0741,11.4740
casent0101540,-3.0853,11.5652
casent0101542,-1.7271,12.7306
casent0101543,-3.1981,11.5794
casent0101544,-1.5780,12.6074
casent0101545,-3.5012,11.1923
casent0101551,-2.2089,13.1527
casent0101552,-2.1960,13.2540
casent0101553,-0.3864,0.1246
casent0101554,5.6840,5.4680
casent0101556,8.8226,3.0131
casent0101557,4.2551,4.6526
casent0101558,6.1503,2.6123
casent0101559,9.0793,-1.0120
casent0101560,5.6563,5.2994
casent0101562,5.3874,2.6128
casent0101564,5.6635,5.4067
casent0101567,5.5505,5.5379
casent0101570,5.7335,4.3101
casent0101572,5.4733,2.6249
casent0101574,5.3080,9.5533
casent0101575,3.1814,1.4322
casent0101579,5.4101,9.5256
casent0101580,5.4177,5.3601
casent0101583,9.0978,-1.0221
casent0101584,5.6526,5.1421
casent0101585,5.5797,2.9928
casent0101587,5.3454,9.5177
casent0101589,-0.4041,0.7278
casent0101594,5.6242,5.2702
casent0101597,5.8634,2.5968
casent0101598,5.7887,3.7302
casent0101599,6.8498,4.4276
casent0101602,-3.8451,11.8304
casent0101608,9.0226,-0.9627
casent0101609,5.2531,9.5059
casent0101613,6.5374,2.7103
casent0101616,5.9472,2.5260
casent0101618,8.8139,0.5453
casent0101624,5.2864,5.2727
casent0101626,-0.3339,0.9962
casent0101628,5.5873,5.3563
casent0101630,6.0413,5.6823
casent0101631,5.6718,2.9741
casent0101632,6.5533,4.4227
casent0101634,10.3976,5.4516
casent0101635,3.0844,1.4281
casent0101636,3.0923,5.1110
casent0101638,5.2858,5.1081
casent0101639,5.6916,2.4947
casent0101640,5.5681,5.4487
casent0101641,10.3550,5.4861
casent0101644,-2.8084,12.7649
casent0101650,5.9451,5.2343
casent0101651,5.2929,9.5720
casent0101652,3.8504,0.9915
casent0101655,5.6179,2.8615
casent0101659,5.6237,2.8191
casent0101661,5.6422,5.4893
casent0101663,5.5447,9.5435
casent0101667,7.6893,2.5628
casent0101668,5.5660,5.0719
casent0101669,-2.8785,12.7009
casent0101670,0.5447,-4.7112
casent0101674,5.2773,9.5303
casent0101678,7.6140,2.8835
casent0101682,5.8397,4.9865
casent0101683,5.7456,2.7086
casent0101687,7.6288,2.6104
casent0101688,5.8223,5.1546
casent0101690,5.9143,2.5420
casent0101692,5.6272,5.2235
casent0101693,8.5118,1.4831
casent0101695,5.8318,4.1629
casent0101696,8.7938,0.5691
casent0101697,8.9641,2.7500
casent0101703,8.7176,1.0438
casent0101704,-2.3570,12.9395
casent0101705,3.1277,5.0583
casent0101707,5.5709,5.5010
casent0101710,0.6885,-4.6897
casent0101711,0.7863,0.9645
casent0101712,5.2053,9.5268
casent0101713,3.0841,1.4168
casent0101714,-0.3138,0.9664
casent0101715,3.1649,1.4535
casent0101716,5.3887,5.5664
casent0101718,-0.6691,1.4170
casent0101720,5.1784,5.3159
casent0101721,9.1422,2.6327
casent0101722,-0.8107,1.2862
casent0101723,-0.2731,0.9180
casent0101724,5.3755,5.5762
casent0101727,-0.7965,0.9918
casent0101729,5.3584,9.5333
casent0101731,5.2429,2.6964
casent0101733,0.7213,0.9242
casent0101735,5.5692,4.6884
casent0101738,3.1981,1.4173
casent0101740,5.2600,9.5735
casent0101742,5.3573,2.5708
casent0101744,6.5931,2.5728
casent0101745,5.2743,5.4000
casent0101747,-2.6468,12.7229
casent0101748,5.5756,2.9831
casent0101749,4.2982,5.0594
casent0101750,5.6433,4.6270
casent0101755,5.4629,5.3187
casent0101756,5.5261,9.5748
casent0101761,5.8844,2.7683
casent0101762,5.8216,2.8151
casent0101766,-0.5884,1.3378
casent0101767,5.6529,4.7873
casent0101769,6.1840,4.3351
casent0101770,-0.6237,0.0085
casent0101771,3.9180,4.0750
casent0101772,8.9067,-0.8478
casent0101773,5.7102,2.8927
casent0101777,-2.7017,12.5252
casent0101779,-2.2303,13.0127
casent0101780,6.0047,5.0891
casent0101781,4.0319,5.2578
casent0101786,5.6097,3.0412
casent0101787,0.9898,1.9131
casent0101788,-3.8365,11.9637
casent0101789,3.0934,1.3787
casent0101790,5.7791,2.9777
casent0101791,2.9421,5.5291
casent0101792,1.1015,2.0804
casent0101795,-0.2783,0.8312
casent0101798,-0.2004,0.7904
casent0101802,5.4016,2.6756
casent0101804,5.8376,2.8793
casent0101805,-0.4660,0.6545
casent0101806,-0.6802,1.4599
casent0101812,-2.4747,12.9939
casent0101814,9.0948,2.5840
casent0101819,6.4857,2.5540
casent0101821,9.3141,2.5640
casent0101823,2.8901,5.7287
casent0101824,5.4302,2.9011
casent0101825,-0.0860,0.8562
casent0101827,0.6465,0.8347
casent0101828,-2.8950,12.7668
casent0101829,5.5546,5.1024
casent0101830,6.0696,2.7411
casent0101831,0.7107,0.8719
casent0101832,3.8776,5.1345
casent0101833,4.1268,5.1944
casent0101834,-0.6537,0.7527
casent0101836,6.4901,2.9506
casent0101837,-0.6226,0.6423
casent0101838,5.8790,6.0321
casent0101840,5.8617,2.8365
casent0101841,0.7849,0.9217
casent0101845,6.5189,2.7831
casent0101847,5.4134,2.8890
casent0101850,-3.8819,11.9095
casent0101851,-2.2295,12.1203
casent0101854,-4.4285,11.6039
casent0101859,7.6010,3.0206
casent0101860,8.0248,3.3086
casent0101861,5.8572,2.5892
casent0101862,0.1640,0.7003
casent0101864,-0.7275,1.4159
casent0101866,5.7787,4.4044
casent0101867,-2.1160,12.6637
casent0101869,5.8483,3.9917
casent0101872,0.5190,-4.7826
casent0101877,5.7044,2.9539
casent0101878,5.3063,2.7830
casent0101881,3.2355,1.5178
casent0101883,5.2281,9.6083
casent0101884,-0.8230,0.9983
casent0101887,4.2089,5.2388
casent0101888,-0.8047,0.9479
casent0101890,-0.7538,1.4618
casent0101891,7.6188,3.0110
casent0101893,-1.8936,12.3959
casent0101897,5.1335,5.2276
casent0101898,8.8933,2.9298
casent0101899,3.5220,9.6065
casent0101903,8.5895,1.7272
casent0101906,-4.1390,11.7521
casent0101908,-2.4249,12.7077
casent0101913,3.0330,1.3816
casent0101914,-0.3125,0.9680
casent0101916,0.7810,0.9442
casent0101919,-2.8335,12.7642
casent0101924,-2.0238,13.0549
casent0101926,2.7984,5.7352
casent0101927,4.2427,5.2332
casent0101931,-2.2644,12.7738
casent0101932,2.8070,5.6560
casent0101938,9.7196,2.5334
casent0101940,-0.4371,1.1114
casent0101941,3.1183,1.4515
casent0101943,3.5653,9.6523
casent0101947,-0.6525,1.1259
casent0101952,0.6816,-4.6706
casent0101954,-1.9985,12.4139
casent0101955,1.0528,1.9930
casent0101957,5.2755,9.4953
casent0101958,0.9894,1.8581
casent0101960,3.4251,4.9186
casent0101969,0.7104,0.8660
casent0101971,5.7322,5.2261
casent0101972,-0.0813,0.7412
casent0101974,3.4107,4.9845
casent0101975,-0.8203,1.0266
casent0101979,3.4330,1.4951
casent0101980,0.6883,0.8401
casent0101985,0.7177,0.8804
casent0101986,3.5411,10.4295
casent0101987,8.6235,-0.5756
casent0101989,-0.1171,0.9524
casent0101992,-2.5181,12.8710
casent0101993,0.7205,-4.6403
casent0101995,0.6421,-4.7453
casent0101998,8.9655,-0.9010
casent0102004,-0.8736,1.3056
casent0102005,-0.7638,1.2714
casent0102006,-0.8823,1.3025
casent0102008,-0.7693,1.3402
casent0102009,-0.8133,1.2544
casent0102011,-0.5611,0.3580
casent0102014,-0.7983,0.4583
casent0102015,-0.7970,0.6584
casent0102016,-0.8171,0.6380
casent0102017,-0.8408,0.7372
casent0102019,3.4559,10.3644
casent0102021,3.5140,10.4673
casent0102025,-0.8537,0.6899
casent0102026,-0.7924,0.6050
casent0102027,-0.8046,0.5483
casent0102029,3.8213,1.0161
casent0102032,3.5365,1.3364
casent0102033,3.5077,1.3978
casent0102034,3.5959,1.3275
casent0102035,4.1980,1.7360
casent0102037,3.2594,1.3347
casent0102038,3.5319,9.6393
casent0102039,3.5209,9.6224
casent0102040,3.4535,9.3831
casent0102047,8.8041,0.5547
casent0102048,8.7868,0.5837
casent0102049,8.7829,0.5832
casent0102053,3.8440,4.3351
casent0102054,3.8200,4.4564
casent0102055,5.9088,2.7655
casent0102064,8.6380,1.9159
casent0102065,7.3949,2.5278
casent0102066,10.3811,5.4660
casent0102067,10.2045,5.6282
casent0102068,8.6502,-0.5878
casent0102069,8.8451,-0.7637
casent0102071,8.6040,1.6706
casent0102072,8.5237,1.8808
casent0102078,8.3369,1.6690
casent0102092,-4.4978,11.6032
casent0102093,8.6987,0.9619
casent0102096,-3.1918,11.2215
casent0102097,-3.7751,11.5309
casent0102098,-3.6180,11.5327
casent0102099,-3.3178,11.5259
casent0102103,-2.9776,11.6287
casent0102104,-2.9565,11.5602
casent0102106,-3.7707,11.4556
casent0102107,-3.6759,11.4240
casent0102109,-3.5641,11.1374
casent0102110,-2.7776,12.2314
casent0102111,-3.8384,11.3748
casent0102136,8.7712,0.6721
casent0102139,1.0932,2.0520
casent0102164,0.6922,0.8465
casent0102165,0.6586,0.8419
casent0102171,0.3846,-4.8083
casent0102172,0.4628,-4.7165
casent0102235,8.7991,0.5526
casent0102258,13.2747,12.0035
casent0102259,13.7769,12.0412
casent0102260,13.4688,11.5190
casent0102262,12.2711,11.5458
casent0102263,12.2003,11.4232
casent0102265,13.4158,11.8860
casent0102275,0.6536,1.6675
casent0102309,-1.9055,13.0234
casent0102310,-2.3180,13.2117
casent0102311,-2.1177,13.1778
casent0102334,8.8564,2.2967
casent0102335,8.8747,2.3528
casent0102336,8.9814,2.2199
casent0102337,9.1033,2.4186
casent0102338,8.9092,2.0758
casent0102339,9.7810,2.5425
casent0102340,8.6168,1.3278
casent0102341,9.1404,2.2720
casent0102342,8.8177,2.8501
casent0102343,9.0779,2.5315
casent0102345,9.2112,2.3478
casent0102346,9.1572,2.4018
casent0102347,7.1192,2.3109
casent0102348,9.0497,1.9800
casent0102349,9.0435,1.9851
casent0102350,9.0055,1.7589
casent0102352,9.3027,1.9923
casent0102353,9.3334,2.1020
casent0102354,9.3631,2.0817
casent0102355,9.3962,2.1719
casent0102385,8.1314,2.7530
casent0102387,8.0632,2.8250
casent0102388,8.1828,2.7914
casent0102392,9.2909,2.0838
casent0102393,9.0397,1.7375
casent0102394,9.1405,1.8615
casent0102395,8.9667,1.7031
casent0102398,8.6826,2.0694
casent0102399,8.9916,1.7776
casent0102400,8.8033,2.3390
casent0102401,8.9188,2.8889
casent0102402,8.9197,2.8529
casent0102403,9.3549,2.1709
casent0102404,9.2620,2.4878
casent0102407,-0.7397,-0.4422
casent0102408,-0.6542,-0.2019
casent0102409,-0.7773,-0.4276
casent0102410,-0.8034,-0.4858
casent0102411,-0.7667,-0.5011
casent0102412,-0.3339,1.0445
casent0102413,-0.2061,0.7020
casent0102414,-0.3140,0.8664
casent0102415,-2.6235,11.6798
casent0102416,-2.8055,11.5923
casent0102417,-2.5574,11.7576
casent0102418,5.4625,9.7142
casent0102419,5.4002,9.6507
casent0102420,5.4023,9.7172
casent0102421,-3.0441,11.4690
casent0102422,-3.0974,11.4967
casent0102423,-3.0198,11.5205
casent0102426,-3.8053,11.1078
casent0102427,-3.6371,11.0430
casent0102433,-4.0629,11.2791
casent0102434,-3.9448,11.1934
casent0102435,-3.6569,11.0868
casent0102436,-3.5533,11.0670
casent0102437,-3.6971,10.8988
casent0102438,-3.6941,10.8534
casent0102439,-3.3601,11.4659
casent0102440,-5.2889,11.3055
casent0102441,-5.5916,11.3937
casent0102442,-3.7436,11.0499
casent0102443,-3.7065,11.0761
casent0102452,-4.4819,10.7449
casent0102930,-0.7778,1.4498
casent0102931,5.6949,9.4720
casent0102932,5.5362,9.4988
casent0102933,5.6487,9.4575
casent0102938,6.4016,2.5928
casent0102939,5.7041,2.4945
casent0102941,5.8831,2.6868
casent0102955,6.3601,4.1679
casent0102956,5.5831,3.0210
casent0102957,5.6043,3.0062
casent0102970,7.6209,3.7042
casent0102977,4.0523,5.2452
casent0102983,9.0588,1.7525
casent0102984,9.0680,-1.0379
casent0102996,-0.8368,1.4484
casent0103270,2.6962,5.7135
casent0103296,5.6590,5.4236
casent0103297,5.6094,5.3587
casent0103307,5.5972,4.6565
casent0103308,5.5179,4.8077
casent0103323,2.9450,5.2200
casent0104343,2.6900,5.7720
casent0104542,3.6827,10.4239
casent0104543,5.5804,9.5569
casent0104547,5.4586,9.5088
casent0104548,5.5724,9.5829
casent0104549,3.5100,10.4915
casent0104550,3.6268,10.4675
casent0104551,3.4614,10.3463
casent0104552,3.5162,10.3712
casent0104554,5.2935,9.5494
casent0104555,0.5135,-4.6975
casent0104556,0.1458,-4.6232
casent0104557,0.2885,-4.8488
casent0104560,0.3182,-4.8823
casent0104561,0.2683,-4.9304
casent0104562,0.3087,-4.8728
casent0104563,0.5118,-4.7017
casent0104564,0.0409,0.8890
casent0104582,0.6946,0.8471
casent0104583,0.6101,0.8053
casent0104587,5.2065,2.8673
casent0104593,5.9581,4.7640
casent0104594,5.7334,5.4043
casent0104595,5.6180,4.7335
casent0104596,5.9489,5.2093
casent0104597,5.3700,5.1726
casent0104600,5.9679,5.0490
casent0104601,5.9241,5.0377
casent0104604,5.8343,5.1496
casent0104605,5.3047,5.4923
casent0104606,7.1895,2.3449
casent0104607,9.7442,2.5237
casent0104611,10.3752,5.4617
casent0104621,-4.9990,11.2414
casent0104622,-4.7560,11.2717
casent0104623,-3.5698,10.9348
casent0104626,-5.7064,11.3644
casent0104627,-5.6441,11.3507
casent0104628,-5.6774,11.3494
casent0104629,-5.6819,11.3891
casent0104632,-2.7373,12.1763
casent0104633,-2.6706,12.2513
casent0104634,-2.1394,13.1350
casent0104638,-1.9532,13.2225
casent0104639,-1.8206,12.7796
casent0104640,-2.6130,12.4063
casent0104641,-2.0952,12.3616
casent0104642,4.1686,5.2496
casent0104643,4.2439,5.2100
casent0104646,3.6033,4.7144
casent0104647,3.1665,9.3274
casent0106094,-0.8150,1.4379
casent0106134,3.6540,1.2539
casent0107566,3.5299,9.6291
casent0110604,8.7501,1.1109
casent0121078,5.7873,2.8768
casent0121244,8.9721,1.5677
casent0121525,-5.1273,11.3402
casent0125609,2.7294,5.5063
casent0128362,7.5221,4.8734
casent0128740,3.0841,5.0719
casent0128782,2.7316,5.5591
casent0136347,8.6726,-0.6392
casent0136420,3.6012,1.2812
casent0136493,-0.0051,-4.5211
casent0136912,3.6541,1.2580
casent0140925,5.9364,2.7522
casent0141843,0.2869,-4.6999
casent0145284,-1.9036,12.9617
casent0148842,8.1001,4.8488
casent0150215,-2.0850,12.9570
casent0153610,9.0994,2.0201
casent0161442,6.0349,6.4458
casent0163357,9.3818,2.1454
casent0164205,-0.6521,-0.5159
casent0172602,0.0944,-4.7774
casent0172819,5.9547,2.7357
casent0172822,5.5752,3.0532
casent0172826,8.7246,1.0328
casent0172827,8.7326,1.0418
casent0172829,9.6382,2.4528
casent0172830,9.0441,2.6584
casent0172831,9.3701,2.2236
casent0172864,8.5412,4.2071
casent0172919,8.8809,3.4341
casent0173078,0.7407,0.8965
casent0173211,7.7609,4.1137
casent0173312,5.7856,5.2961
casent0173547,7.4281,4.9839
casent0173584,8.3199,4.9174
casent0173588,8.4256,4.9398
casent0173589,8.0720,4.5499
casent0173590,8.5560,4.1177
casent0173591,8.0509,1.8415
casent0173593,8.0688,4.6373
casent0173599,8.2186,4.8733
casent0178196,3.4283,9.0076
casent0178903,8.9396,-0.8828
casent0179448,-2.8100,12.4589
casent0189276,7.9762,4.0260
casent0189277,8.5788,2.0995
casent0192117,3.9940,3.7004
casent0193045,6.1186,2.6701
casent0195294,-3.4957,10.9230
casent0198009,6.0369,6.4482
casent0209055,3.3641,9.1014
casent0217757,8.9684,1.9786
casent0230800,5.9418,6.3481
casent0235036,6.0416,6.4591
casent0274442,9.3582,6.0555
casent0274827,3.9312,3.6816
casent0291293,3.9646,4.2446
casent0299307,6.0405,6.4718
casent0300018,-1.8007,12.8659
casent0300904,-0.1589,0.0687
casent0317397,0.1115,-4.6934
casent0317582,0.2477,0.0506
casent0317758,8.1706,4.5330
casent0317759,8.2204,4.5570
casent0318920,0.1035,-4.6533
casent0389498,9.7459,5.9127
casent0393113,8.1740,4.5545
casent0393121,8.8151,1.8944
casent0401520,7.4979,4.9518
casent0403269,5.9701,6.3778
casent0408976,-2.2649,12.1293
casent0409559,3.8170,1.0272
casent0410131,-0.6556,-0.4758
casent0410152,-0.2353,0.3441
casent0410164,-0.4536,-0.0557
casent0412167,8.0857,4.6364
casent0416250,-0.8271,1.4234
casent0416368,5.5898,9.6219
casent0419034,2.6808,5.7619
casent0419194,2.9785,5.2008
casent0421554,3.4984,9.0738
casent0422630,8.1552,4.5328
casent0423124,6.1101,2.7366
casent0429930,0.3097,-4.9478
casent0429953,0.2340,-4.9208
casent0429955,0.2678,-4.9169
casent0430421,10.2227,5.6112
casent0430841,8.3994,4.8263
casent0433301,7.4251,4.9865
casent0435387,3.0420,5.2030
casent0435450,3.1472,5.0332
casent0435894,8.6459,-0.6049
casent0435903,8.6309,-0.5923
casent0436719,12.7445,10.4368
casent0439766,3.1616,5.0143
casent0442208,7.7512,4.5886
casent0442524,7.5433,4.7098
casent0443365,2.8187,5.2782
casent0443515,8.5968,3.0728
casent0446582,8.7666,0.5702
casent0447670,5.5513,9.4949
casent0451074,2.7507,5.5703
casent0451572,-0.7075,-0.5201
casent0453961,3.2810,4.9526
casent0453991,2.8145,5.3269
casent0454495,7.0468,2.3762
casent0455428,8.6831,2.9831
casent0456151,11.1035,10.4953
casent0456886,2.8929,5.2154
casent0467063,9.7358,2.6315
casent0470383,7.9965,4.8244
casent0470747,7.9167,4.8210
casent0475908,7.4757,4.8932
casent0478937,8.4173,4.8983
casent0481865,7.5614,4.6605
casent0481867,7.4627,4.6248
casent0481871,7.6130,4.7793
casent0485349,2.8186,5.3048
casent0485542,3.0775,5.0836
casent0486683,9.8631,5.7979
casent0486686,10.3899,5.4451
casent0487130,7.7435,2.5732
casent0487142,7.9672,2.6428
casent0487553,9.0607,-1.0221
casent0487725,-2.8871,12.6713
casent0487769,8.8792,-0.8384
casent0487770,8.8259,-0.7707
casent0487847,0.1622,0.6338
casent0489647,3.4770,9.0610
casent0490190,7.4567,4.9795
casent0491274,9.1230,-1.0651
casent0491318,9.1338,-1.0768
casent0491427,5.9937,6.3882
casent0491610,8.3613,4.3425
casent0492794,8.6928,3.6309
casent0492837,6.0554,2.8795
casent0492888,-3.2704,11.3938
casent0494141,0.5956,1.6574
casent0494149,8.2968,1.7564
casent0494701,5.8463,3.8526
casent0495513,-0.8021,-0.4700
casent0497202,0.1851,0.6449
casent0497580,5.7142,9.4710
casent0497789,-0.9442,1.4058
casent0498309,5.5714,9.6104
casent0498428,3.4836,9.0525
casent0498535,-0.8464,1.4260
casent0498558,8.6851,-0.6412
casent0498567,8.7090,-0.6646
casent0498593,5.5109,9.5206
casent0498885,5.6884,4.5179
casent0498916,-3.4208,11.0443
casent0499051,-1.7062,12.7226
casent0499163,8.7897,0.5898
casent0499525,3.5940,10.4044
casent0499794,2.7454,5.7104
casent0499800,12.5663,10.2800
casent0704282,5.9912,6.3721
casent0720924,6.0549,6.4536
casent0808080,5.9965,6.4045
casent0812061,7.8145,3.2368
casent0822320,3.6862,9.0210
casent0840847,-0.5501,-0.2860
casent0905276,-2.7998,12.7852
casent0905277,-2.2052,13.0225
casent0906497,6.0666,6.5081
casent0906905,0.1424,-4.7556
casent0919664,5.3630,2.5437
casent0919845,8.1712,4.6022
casent0923194,5.3281,5.2225
casent0923257,6.0339,6.4442
casent0923269,6.0844,6.5087
casent0923292,6.0513,6.4615
casent0923322,6.0576,6.4664
casent0923668,2.8694,5.2063
focol2361,-2.6054,13.0937
focol2362,-2.5336,13.0524
focol2363,-2.6090,13.1401
focol2364,-2.5241,13.0535
focol2384,-2.6586,13.0614
focol2385,-2.6570,12.9923
